Date,Close/Last,Volume,Open,High,Low
7/28/2022,$226.02 ,8972738,$224.60 ,$228.10 ,$219.67 
7/27/2022,$226.75 ,10508390,$216.48 ,$227.78 ,$214.58 
7/26/2022,$213.91 ,9508532,$216.66 ,$219.39 ,$211.64 
7/25/2022,$218.51 ,10935250,$221.31 ,$225.23 ,$216.35 
7/22/2022,$220.44 ,17805450,$222.38 ,$229.35 ,$218.44 
7/21/2022,$223.88 ,23430120,$214.30 ,$224.32 ,$211.50 
7/20/2022,$216.44 ,53920270,$208.17 ,$216.97 ,$200.10 
7/19/2022,$201.63 ,28178720,$193.02 ,$201.97 ,$188.40 
7/18/2022,$190.92 ,16322850,$192.50 ,$199.67 ,$189.80 
7/15/2022,$189.11 ,16319120,$175.58 ,$189.22 ,$174.56 
7/14/2022,$174.78 ,9039457,$175.56 ,$177.52 ,$171.82 
7/13/2022,$176.56 ,12734420,$170.50 ,$179.18 ,$169.70 
7/12/2022,$174.45 ,6845264,$177.33 ,$179.78 ,$173.42 
7/11/2022,$177.34 ,6048447,$184.73 ,$184.99 ,$176.89 
7/8/2022,$186.98 ,5835680,$186.02 ,$189.91 ,$182.75 
7/7/2022,$189.27 ,6334545,$184.27 ,$190.21 ,$183.50 
7/6/2022,$184.06 ,5753385,$185.20 ,$186.22 ,$180.82 
7/5/2022,$185.88 ,7339023,$176.28 ,$185.92 ,$172.68 
7/1/2022,$179.95 ,5201583,$176.49 ,$180.10 ,$174.27 
6/30/2022,$174.87 ,7894710,$177.07 ,$179.45 ,$170.30 
6/29/2022,$178.36 ,5766847,$179.55 ,$180.67 ,$175.10 
6/28/2022,$179.60 ,7201897,$189.20 ,$192.20 ,$179.37 
6/27/2022,$189.14 ,8363879,$191.77 ,$191.78 ,$182.39 
6/24/2022,$190.85 ,12423970,$183.50 ,$191.19 ,$181.84 
6/23/2022,$181.71 ,9538226,$180.50 ,$182.76 ,$175.87 
6/22/2022,$178.89 ,12010620,$170.75 ,$182.82 ,$170.20 
6/21/2022,$170.91 ,12177590,$177.60 ,$178.62 ,$169.80 
6/17/2022,$175.51 ,12133370,$173.63 ,$179.65 ,$173.34 
6/16/2022,$173.35 ,8201306,$174 ,$176.27 ,$171.56 
6/15/2022,$180.11 ,12396040,$169.26 ,$183.85 ,$168.53 
6/14/2022,$167.54 ,11555320,$169.75 ,$172.06 ,$164.28 
6/13/2022,$169.69 ,10222410,$177.07 ,$179.09 ,$168.96 
6/10/2022,$182.94 ,13074280,$182.64 ,$185.86 ,$180.85 
6/9/2022,$192.77 ,6948967,$200.65 ,$201.69 ,$192.54 
6/8/2022,$202.83 ,7244121,$197.95 ,$207.38 ,$197.64 
6/7/2022,$198.61 ,4839491,$194.87 ,$199.60 ,$193 
6/6/2022,$197.14 ,5372043,$202.09 ,$203.87 ,$195.38 
6/3/2022,$198.98 ,7191775,$200.14 ,$202.95 ,$198.05 
6/2/2022,$205.09 ,9623121,$192.02 ,$205.47 ,$191.72 
6/1/2022,$192.91 ,8416151,$198.70 ,$202.74 ,$191.66 
5/31/2022,$197.44 ,11398460,$196.18 ,$199.95 ,$190.80 
5/27/2022,$195.19 ,8585987,$193.19 ,$195.25 ,$190.37 
5/26/2022,$191.40 ,8049933,$186.49 ,$192.34 ,$183.09 
5/25/2022,$187.83 ,8522092,$180.28 ,$188.87 ,$180.17 
5/24/2022,$180.34 ,7706372,$182 ,$184 ,$177.17 
5/23/2022,$187.44 ,9602027,$186.15 ,$187.66 ,$177.89 
5/20/2022,$186.35 ,10429400,$185.87 ,$190.19 ,$179.77 
5/19/2022,$183.48 ,10448510,$178.05 ,$186.30 ,$175.71 
5/18/2022,$177.19 ,9665632,$186.72 ,$187.70 ,$176.27 
5/17/2022,$190.56 ,9876685,$189.17 ,$191.40 ,$185.17 
5/16/2022,$186.51 ,16145010,$193.30 ,$195.89 ,$185.70 
5/13/2022,$187.64 ,13136330,$177.16 ,$187.77 ,$176.01 
5/12/2022,$174.31 ,17662120,$163.96 ,$177.58 ,$162.71 
5/11/2022,$166.37 ,12665520,$176.09 ,$180.92 ,$165.55 
5/10/2022,$177.66 ,13883910,$176.01 ,$181.87 ,$170.57 
5/9/2022,$173.10 ,14031330,$177.66 ,$183.20 ,$172.30 
5/6/2022,$180.97 ,17185480,$186.75 ,$187.21 ,$175.81 
5/5/2022,$188.32 ,13971330,$200.45 ,$200.71 ,$186 
5/4/2022,$204.01 ,12218780,$197.65 ,$204.38 ,$191.01 
5/3/2022,$199.87 ,11839430,$198.29 ,$203.20 ,$194.77 
5/2/2022,$199.46 ,14591600,$191.71 ,$200.21 ,$190.01 
4/29/2022,$190.36 ,16391890,$198.68 ,$204.71 ,$190 
4/28/2022,$199.52 ,21363160,$191.56 ,$201.48 ,$185.60 
4/27/2022,$188.54 ,22298390,$194.01 ,$200.19 ,$187.77 
4/26/2022,$198.40 ,20318090,$208.80 ,$209.15 ,$198.28 
4/25/2022,$209.91 ,28152050,$213.81 ,$216.66 ,$204.51 
4/22/2022,$215.52 ,37515130,$220.18 ,$226.27 ,$210.05 
4/21/2022,$218.22 ,53501600,$220 ,$227.68 ,$211.52 
4/20/2022,$226.19 ,133387500,$245.20 ,$248.70 ,$212.51 
4/19/2022,$348.61 ,20906890,$333.22 ,$351.68 ,$333.22 
4/18/2022,$337.86 ,5105041,$340 ,$342.36 ,$331.62 
4/14/2022,$341.13 ,4343837,$350.95 ,$352 ,$339.86 
4/13/2022,$350.43 ,3230950,$343.92 ,$352 ,$341.16 
4/12/2022,$344.10 ,3824261,$355.91 ,$359.41 ,$342.25 
4/11/2022,$348 ,3777096,$350 ,$354.78 ,$345.20 
4/8/2022,$355.88 ,4025183,$361.96 ,$362.50 ,$354.87 
4/7/2022,$362.15 ,4948909,$365 ,$368.54 ,$353.69 
4/6/2022,$368.35 ,4354885,$374.15 ,$376.47 ,$362.73 
4/5/2022,$380.15 ,4234508,$389.30 ,$390 ,$377.31 
4/4/2022,$391.50 ,7009235,$373.55 ,$396.02 ,$373.13 
4/1/2022,$373.47 ,4644237,$376.80 ,$380.87 ,$368.50 
3/31/2022,$374.59 ,4134720,$383.59 ,$384 ,$373.61 
3/30/2022,$381.47 ,4023301,$389.55 ,$392.70 ,$378.63 
3/29/2022,$391.82 ,5880723,$384.39 ,$396.50 ,$380.33 
3/28/2022,$378.51 ,4323435,$375.23 ,$380.28 ,$366.73 
3/25/2022,$373.85 ,3575953,$377.07 ,$377.64 ,$366.43 
3/24/2022,$375.71 ,3888461,$379.76 ,$379.76 ,$368.90 
3/23/2022,$374.49 ,3728954,$379.77 ,$382.46 ,$374.49 
3/22/2022,$382.92 ,4242762,$371.14 ,$386.66 ,$366.76 
3/21/2022,$374.59 ,4866463,$378.02 ,$381.82 ,$368.94 
3/18/2022,$380.60 ,8324825,$372 ,$381.80 ,$368.47 
3/17/2022,$371.40 ,5818348,$359.70 ,$373.31 ,$354.88 
3/16/2022,$357.53 ,6982469,$348.20 ,$359.99 ,$343.06 
3/15/2022,$343.75 ,5460640,$335.10 ,$345.36 ,$332.36 
3/14/2022,$331.01 ,5907817,$338.72 ,$341.32 ,$329.82 
3/11/2022,$340.32 ,4819925,$361.19 ,$363.36 ,$340 
3/10/2022,$356.77 ,4807767,$356.20 ,$367.02 ,$353.30 
3/9/2022,$358.79 ,6520186,$357.69 ,$364.14 ,$350.51 
3/8/2022,$341.76 ,6428655,$349.80 ,$358.86 ,$340.67 
3/7/2022,$350.26 ,5708383,$360.41 ,$362.00 ,$350.20 
3/4/2022,$361.73 ,5329180,$368 ,$374.82 ,$357.17 
3/3/2022,$368.07 ,6076836,$386 ,$386.12 ,$364.65 
3/2/2022,$380.03 ,5356809,$388.93 ,$389.22 ,$375.21 
3/1/2022,$386.24 ,3290439,$391.60 ,$395 ,$383.71 
2/28/2022,$394.52 ,5035046,$387.33 ,$397.75 ,$382.13 
2/25/2022,$390.80 ,4841636,$386.61 ,$391.29 ,$375.58 
2/24/2022,$390.03 ,7068724,$355.09 ,$390.73 ,$354.72 
2/23/2022,$367.46 ,4614290,$382.72 ,$386 ,$366.66 
2/22/2022,$377.38 ,6697515,$388.95 ,$392.42 ,$373.02 
2/18/2022,$391.29 ,6801668,$392.53 ,$402.87 ,$389.05 
2/17/2022,$386.67 ,4669222,$394.24 ,$399.11 ,$385.70 
2/16/2022,$398.08 ,5277650,$401.53 ,$401.56 ,$390.38 
2/15/2022,$407.46 ,5395641,$403.79 ,$409.16 ,$401.01 
2/14/2022,$396.57 ,7202155,$387.59 ,$409.36 ,$386.89 
2/11/2022,$391.31 ,7558939,$405.33 ,$411.61 ,$387.65 
2/10/2022,$406.27 ,8452915,$402.10 ,$408 ,$396.36 
2/9/2022,$412.89 ,7738227,$408.65 ,$412.98 ,$398.79 
2/8/2022,$403.53 ,6818543,$398.18 ,$406.61 ,$395.83 
2/7/2022,$402.10 ,8232859,$410.17 ,$412.35 ,$393.55 
2/4/2022,$410.17 ,7789798,$407.31 ,$412.77 ,$396.64 
2/3/2022,$405.60 ,9905210,$421.44 ,$429.26 ,$404.28 
2/2/2022,$429.48 ,14346010,$448.25 ,$451.98 ,$426.48 
2/1/2022,$457.13 ,22568100,$432.96 ,$458.48 ,$425.54 
1/31/2022,$427.14 ,20047450,$401.97 ,$427.70 ,$398.20 
1/28/2022,$384.36 ,11966610,$386.76 ,$387 ,$372.08 
1/27/2022,$386.70 ,24324750,$382.06 ,$394.80 ,$378.10 
1/26/2022,$359.70 ,12683980,$378.27 ,$382.66 ,$356.62 
1/25/2022,$366.42 ,15145820,$379.14 ,$387.71 ,$365.13 
1/24/2022,$387.15 ,32386780,$383.91 ,$387.26 ,$351.46 
1/21/2022,$397.50 ,58904270,$400.43 ,$409.15 ,$379.99 
1/20/2022,$508.25 ,12658990,$517.75 ,$526.64 ,$506.93 
1/19/2022,$515.86 ,4353508,$515 ,$523.21 ,$510.51 
1/18/2022,$510.80 ,4844418,$520.08 ,$521.75 ,$508.68 
1/14/2022,$525.69 ,7861109,$517.60 ,$538.37 ,$511.88 
1/13/2022,$519.20 ,4475063,$537.06 ,$540.79 ,$518.26 
1/12/2022,$537.22 ,3787372,$544.27 ,$544.27 ,$532.02 
1/11/2022,$540.84 ,3077836,$536.99 ,$543.91 ,$530.07 
1/10/2022,$539.85 ,4486145,$538.49 ,$543.69 ,$526.32 
1/7/2022,$541.06 ,3382873,$549.46 ,$553.43 ,$538.22 
1/6/2022,$553.29 ,5711795,$554.34 ,$563.36 ,$542.01 
1/5/2022,$567.52 ,4148749,$592 ,$592.84 ,$566.88 
1/4/2022,$591.15 ,4393135,$599.91 ,$600.41 ,$581.60 
1/3/2022,$597.37 ,3068808,$605.61 ,$609.99 ,$590.56 
12/31/2021,$602.44 ,1995918,$610.01 ,$614.08 ,$602.05 
12/30/2021,$612.09 ,1625093,$612.99 ,$620.61 ,$611.24 
12/29/2021,$610.54 ,1287513,$610.71 ,$613.98 ,$604.68 
12/28/2021,$610.71 ,1884116,$614.95 ,$618.41 ,$609.69 
12/27/2021,$613.12 ,2062233,$615 ,$615 ,$609.25 
12/23/2021,$614.09 ,1621146,$616.40 ,$616.88 ,$607.57 
12/22/2021,$614.24 ,2335745,$603.36 ,$614.82 ,$602.63 
12/21/2021,$604.92 ,2319390,$597.54 ,$607.82 ,$593.86 
12/20/2021,$593.74 ,3358404,$586.43 ,$602.88 ,$584.26 
12/17/2021,$586.73 ,4433706,$591.61 ,$593.25 ,$581.74 
12/16/2021,$591.06 ,3143217,$597.09 ,$602.83 ,$588 
12/15/2021,$605.04 ,2866196,$598.18 ,$605.69 ,$584.51 
12/14/2021,$597.99 ,2984536,$598.71 ,$602.29 ,$588.13 
12/13/2021,$604.56 ,2517915,$612 ,$612.64 ,$599.52 
12/10/2021,$611.66 ,2748774,$616.78 ,$617.74 ,$605.88 
12/9/2021,$611 ,2376321,$627.58 ,$630.24 ,$610.44 
12/8/2021,$628.08 ,2220308,$630 ,$632.46 ,$623.20 
12/7/2021,$625.58 ,3125190,$619.83 ,$628.89 ,$611.40 
12/6/2021,$612.69 ,3075672,$606.01 ,$617.29 ,$601 
12/3/2021,$602.13 ,4829282,$622.75 ,$625.50 ,$594 
12/2/2021,$616.47 ,3331131,$617.10 ,$625.36 ,$612.88 
12/1/2021,$617.77 ,3897019,$649.48 ,$654.52 ,$617.07 
11/30/2021,$641.90 ,5608919,$668.20 ,$675.38 ,$640.01 
11/29/2021,$663.84 ,2529364,$663.20 ,$667.99 ,$658.29 
11/26/2021,$665.64 ,2872513,$675 ,$676.41 ,$660.67 
11/24/2021,$658.29 ,1867282,$658.01 ,$661.44 ,$651.10 
11/23/2021,$654.06 ,2320917,$658.18 ,$666.43 ,$646.05 
11/22/2021,$659.20 ,2765318,$676.02 ,$679.48 ,$656.47 
11/19/2021,$678.80 ,2614852,$692.35 ,$694.16 ,$675 
11/18/2021,$682.02 ,2014992,$691.61 ,$691.74 ,$679.74 
11/17/2021,$691.69 ,2732831,$690 ,$700.99 ,$686.09 
11/16/2021,$687.40 ,2077387,$678.27 ,$688.36 ,$676.90 
11/15/2021,$679.33 ,2872186,$681.24 ,$685.26 ,$671.49 
11/12/2021,$682.61 ,4198410,$660.01 ,$683.34 ,$653.82 
11/11/2021,$657.58 ,2868311,$650.24 ,$665.82 ,$649.71 
11/10/2021,$646.91 ,2405785,$653.01 ,$660.33 ,$642.11 
11/9/2021,$655.99 ,2415630,$653.70 ,$660.50 ,$650.52 
11/8/2021,$651.45 ,2887523,$650.29 ,$656 ,$643.79 
11/5/2021,$645.72 ,5283488,$663.97 ,$665.64 ,$645.01 
11/4/2021,$668.40 ,4865023,$685.89 ,$685.94 ,$665.50 
11/3/2021,$688.29 ,2334852,$677.27 ,$689.39 ,$677.27 
11/2/2021,$677.72 ,3888597,$683.11 ,$687.68 ,$673.82 
11/1/2021,$681.17 ,3110911,$689.06 ,$689.97 ,$676.54 
10/29/2021,$690.31 ,3825279,$673.06 ,$690.97 ,$671.24 
10/28/2021,$674.05 ,2859409,$670.95 ,$676.80 ,$668.03 
10/27/2021,$662.92 ,2276914,$669 ,$671.41 ,$661.85 
10/26/2021,$668.52 ,2904840,$673.76 ,$676.49 ,$662.77 
10/25/2021,$671.66 ,3833526,$663.74 ,$675.88 ,$657.07 
10/22/2021,$664.78 ,6186016,$651.81 ,$665.46 ,$651.81 
10/21/2021,$653.16 ,8437070,$628.89 ,$654.01 ,$628.65 
10/20/2021,$625.14 ,10622000,$625.57 ,$637.40 ,$617.15 
10/19/2021,$639 ,7633147,$636.97 ,$641 ,$632.30 
10/18/2021,$637.97 ,4669071,$632.10 ,$638.41 ,$620.59 
10/15/2021,$628.29 ,4116874,$638 ,$639.42 ,$625.16 
10/14/2021,$633.80 ,2672535,$632.23 ,$636.88 ,$626.79 
10/13/2021,$629.76 ,2424638,$632.18 ,$632.18 ,$622.10 
10/12/2021,$624.94 ,3227349,$633.02 ,$637.66 ,$621.99 
10/11/2021,$627.04 ,2862470,$633.20 ,$639.42 ,$626.78 
10/8/2021,$632.66 ,3272093,$634.17 ,$643.80 ,$630.86 
10/7/2021,$631.85 ,3556886,$642.23 ,$646.84 ,$630.45 
10/6/2021,$639.10 ,4580434,$628.18 ,$639.87 ,$626.36 
10/5/2021,$634.81 ,9534293,$606.94 ,$640.39 ,$606.89 
10/4/2021,$603.35 ,4995932,$613.39 ,$626.13 ,$594.68 
10/1/2021,$613.15 ,4090847,$604.24 ,$614.99 ,$597.51 
9/30/2021,$610.34 ,6616040,$608.05 ,$619 ,$608.05 
9/29/2021,$599.06 ,6221026,$589.01 ,$609.88 ,$588.01 
9/28/2021,$583.85 ,4431051,$589 ,$599.54 ,$580.16 
9/27/2021,$592.64 ,2504738,$587.95 ,$593.58 ,$576.93 
9/24/2021,$592.39 ,2126246,$592.50 ,$592.98 ,$583.64 
9/23/2021,$593.26 ,2526161,$590.79 ,$599.32 ,$589.13 
9/22/2021,$590.65 ,4021845,$579.69 ,$595.65 ,$579.69 
9/21/2021,$573.14 ,2250884,$578.31 ,$581.88 ,$569.37 
9/20/2021,$575.43 ,3732227,$586.79 ,$591.53 ,$568.08 
9/17/2021,$589.35 ,4145145,$587.85 ,$590.28 ,$580.85 
9/16/2021,$586.50 ,1832028,$584.30 ,$587.48 ,$577.72 
9/15/2021,$582.87 ,2755615,$578.17 ,$584.62 ,$575.37 
9/14/2021,$577.76 ,3456958,$584.89 ,$587.28 ,$575.56 
9/13/2021,$589.29 ,3062871,$598.57 ,$598.57 ,$582.78 
9/10/2021,$598.72 ,3950764,$598.16 ,$609.45 ,$593.67 
9/9/2021,$597.54 ,2954214,$606.47 ,$609.44 ,$596.55 
9/8/2021,$606.05 ,5424503,$603.84 ,$615.60 ,$595.71 
9/7/2021,$606.71 ,5830979,$594.69 ,$613.85 ,$593.99 
9/3/2021,$590.53 ,2684005,$585.80 ,$591.88 ,$583.14 
9/2/2021,$588.55 ,6184782,$583.68 ,$598.76 ,$583.68 
9/1/2021,$582.07 ,5626214,$569 ,$591 ,$569 
8/31/2021,$569.19 ,2431886,$566.12 ,$569.48 ,$561.61 
8/30/2021,$566.18 ,2434839,$557.25 ,$567.16 ,$556.45 
8/27/2021,$558.92 ,3252595,$551.60 ,$564.17 ,$549.25 
8/26/2021,$550.12 ,1595499,$546.16 ,$552.60 ,$545.90 
8/25/2021,$547.58 ,2065621,$550.16 ,$552.84 ,$545.45 
8/24/2021,$553.41 ,2109525,$551.48 ,$555.31 ,$549.27 
8/23/2021,$553.33 ,2602010,$545.98 ,$555.55 ,$543.74 
8/20/2021,$546.88 ,3776429,$545.09 ,$551.39 ,$539.10 
8/19/2021,$543.71 ,7497292,$522.74 ,$548.39 ,$521.87 
8/18/2021,$521.87 ,2582046,$520 ,$526.38 ,$518.65 
8/17/2021,$518.91 ,2309803,$515.47 ,$520.79 ,$514.20 
8/16/2021,$517.92 ,2033176,$515.24 ,$523.38 ,$512.30 
8/13/2021,$515.92 ,2177736,$512.64 ,$521.44 ,$511.51 
8/12/2021,$510.72 ,1686170,$511.86 ,$513 ,$507.20 
8/11/2021,$512.40 ,1673904,$517 ,$519.57 ,$509.77 
8/10/2021,$515.84 ,1960544,$520 ,$520.79 ,$512.97 
8/9/2021,$519.97 ,1367782,$521.15 ,$522.67 ,$517.99 
8/6/2021,$520.55 ,1919798,$524 ,$526.84 ,$519.39 
8/5/2021,$524.89 ,2556687,$517.13 ,$525.41 ,$514.02 
8/4/2021,$517.35 ,2039374,$513 ,$517.98 ,$510.37 
8/3/2021,$510.82 ,2579427,$514.39 ,$515.63 ,$505.37 
8/2/2021,$515.15 ,2096632,$519 ,$519.85 ,$510.51 
7/30/2021,$517.57 ,2537107,$512.69 ,$519.79 ,$510.96 
7/29/2021,$514.25 ,1736014,$519.96 ,$520.78 ,$513.79 
7/28/2021,$519.30 ,2390466,$521.82 ,$524.47 ,$516.98 
7/27/2021,$518.91 ,2759037,$518.08 ,$521.95 ,$512.05 
7/26/2021,$516.49 ,2254538,$514.38 ,$521.13 ,$509.01 
7/23/2021,$515.41 ,3820478,$512.16 ,$517.41 ,$504.66 
7/22/2021,$511.77 ,4328061,$510.21 ,$513.68 ,$507 
7/21/2021,$513.63 ,11906790,$526.13 ,$530.99 ,$505.61 
7/20/2021,$531.05 ,6930440,$526.07 ,$536.64 ,$520.30 
7/19/2021,$532.28 ,3885764,$526.05 ,$534.91 ,$522.24 
7/16/2021,$530.31 ,3442101,$541.81 ,$544.06 ,$527.05 
7/15/2021,$542.95 ,5713873,$553.97 ,$557.54 ,$538.20 
7/14/2021,$547.95 ,4659535,$541.01 ,$554.10 ,$541.01 
7/13/2021,$540.68 ,2751593,$535.76 ,$545.33 ,$535.76 
7/12/2021,$537.31 ,1780738,$540.30 ,$540.65 ,$532.92 
7/9/2021,$535.98 ,2777231,$531 ,$538.26 ,$528.58 
7/8/2021,$530.76 ,3268988,$530.93 ,$535.50 ,$529.09 
7/7/2021,$535.96 ,2722498,$544.24 ,$544.64 ,$531.66 
7/6/2021,$541.64 ,2775051,$533 ,$542.86 ,$533 
7/2/2021,$533.98 ,1980316,$535.50 ,$538.54 ,$529.39 
7/1/2021,$533.54 ,2805402,$525.72 ,$537.04 ,$525.72 
6/30/2021,$528.21 ,2773445,$534.06 ,$534.38 ,$526.82 
6/29/2021,$533.50 ,2314647,$533.55 ,$536.13 ,$528.57 
6/28/2021,$533.03 ,2820227,$528.12 ,$533.94 ,$524.56 
6/25/2021,$527.07 ,5299072,$528.84 ,$533.06 ,$525 
6/24/2021,$518.06 ,3361202,$517.96 ,$520.96 ,$514.40 
6/23/2021,$512.74 ,3944782,$508.48 ,$516.63 ,$508.20 
6/22/2021,$508.82 ,5809271,$498.54 ,$513.55 ,$495.80 
6/21/2021,$497 ,5277297,$501.64 ,$502.05 ,$492.28 
6/18/2021,$500.77 ,5197576,$496.40 ,$504.49 ,$495.24 
6/17/2021,$498.34 ,3198273,$490.25 ,$501.80 ,$490.15 
6/16/2021,$492.41 ,3533206,$495 ,$496.46 ,$486.28 
6/15/2021,$491.90 ,3104073,$501.23 ,$501.23 ,$490.40 
6/14/2021,$499.89 ,4400222,$489.68 ,$503.50 ,$486.91 
6/11/2021,$488.77 ,3123969,$490 ,$491.41 ,$487.78 
6/10/2021,$487.27 ,4382928,$487.17 ,$490.21 ,$482.14 
6/9/2021,$485.81 ,3055029,$494.50 ,$496.09 ,$484.65 
6/8/2021,$492.39 ,2374037,$497 ,$498.82 ,$489.37 
6/7/2021,$494.66 ,2791932,$492.92 ,$496.70 ,$490.55 
6/4/2021,$494.74 ,3160487,$492 ,$501.86 ,$490.95 
6/3/2021,$489.43 ,3887445,$495.19 ,$496.66 ,$487.25 
6/2/2021,$499.24 ,2268979,$499.82 ,$503.22 ,$495.82 
6/1/2021,$499.08 ,2482555,$504.01 ,$505.41 ,$497.74 
5/28/2021,$502.81 ,2911297,$504.40 ,$511.76 ,$502.53 
5/27/2021,$503.86 ,3253773,$501.80 ,$505.10 ,$498.54 
5/26/2021,$502.36 ,2465303,$502.34 ,$504.14 ,$500.50 
5/25/2021,$501.34 ,2699459,$506 ,$506.37 ,$499.22 
5/24/2021,$502.90 ,2412595,$501.05 ,$504.25 ,$499.51 
5/21/2021,$497.89 ,3322925,$503.12 ,$505.40 ,$497.26 
5/20/2021,$501.67 ,3721218,$489.55 ,$502.70 ,$488.98 
5/19/2021,$487.70 ,3349930,$481.63 ,$488.57 ,$478.54 
5/18/2021,$486.28 ,2350496,$488.40 ,$493.48 ,$486.19 
5/17/2021,$488.94 ,2701057,$485.59 ,$492.71 ,$482.81 
5/14/2021,$493.37 ,2882464,$487.86 ,$494.85 ,$486.59 
5/13/2021,$486.66 ,2716561,$489.13 ,$490.78 ,$482.71 
5/12/2021,$484.98 ,4121540,$486.83 ,$493.54 ,$482.70 
5/11/2021,$495.08 ,4401000,$479.75 ,$497.99 ,$478.63 
5/10/2021,$486.69 ,5131632,$502 ,$503.15 ,$486.11 
5/7/2021,$503.84 ,3132786,$504.62 ,$508.55 ,$501.12 
5/6/2021,$499.55 ,3783698,$495.99 ,$499.55 ,$491.37 
5/5/2021,$496.08 ,3129366,$504.99 ,$507.78 ,$494.63 
5/4/2021,$503.18 ,4349502,$510.78 ,$511.63 ,$496.79 
5/3/2021,$509.11 ,4091895,$512.65 ,$518.95 ,$505.20 
4/30/2021,$513.47 ,4413242,$505 ,$514.55 ,$505 
4/29/2021,$509 ,5127792,$507.60 ,$509.29 ,$499 
4/28/2021,$506.52 ,3192983,$505.20 ,$508.40 ,$503.34 
4/27/2021,$505.55 ,3761327,$512.62 ,$512.99 ,$504.58 
4/26/2021,$510.30 ,4388839,$506.76 ,$510.48 ,$503 
4/23/2021,$505.55 ,7314659,$509.01 ,$509.70 ,$500.70 
4/22/2021,$508.78 ,9061062,$513.82 ,$513.96 ,$500.55 
4/21/2021,$508.90 ,22897450,$508 ,$515.46 ,$503.60 
4/20/2021,$549.57 ,11257650,$554.42 ,$563.56 ,$546.30 
4/19/2021,$554.44 ,4288715,$546.90 ,$556.44 ,$545.53 
4/16/2021,$546.54 ,3209075,$550.54 ,$551.98 ,$539.51 
4/15/2021,$549.22 ,3139050,$544.17 ,$553.49 ,$542.66 
4/14/2021,$540.02 ,3740294,$554.87 ,$554.87 ,$538.53 
4/13/2021,$553.73 ,2720344,$557 ,$559.75 ,$550.30 
4/12/2021,$552.78 ,2944060,$551.05 ,$557.98 ,$549.58 
4/9/2021,$555.31 ,2894034,$552.69 ,$556.90 ,$547.11 
4/8/2021,$554.58 ,4309829,$551.13 ,$556.90 ,$547.57 
4/7/2021,$546.99 ,2151319,$543.50 ,$549.64 ,$541.45 
4/6/2021,$544.53 ,3474205,$544.81 ,$554.17 ,$543.30 
4/5/2021,$540.67 ,3355904,$540.01 ,$542.85 ,$529.23 
4/1/2021,$539.42 ,3938637,$529.93 ,$540.50 ,$527.03 
3/31/2021,$521.66 ,3503111,$515.68 ,$528.13 ,$515.44 
3/30/2021,$513.39 ,2418129,$510.51 ,$514.41 ,$506.91 
3/29/2021,$513.95 ,3330049,$505.66 ,$518 ,$504.40 
3/26/2021,$508.05 ,3467797,$502.82 ,$508.72 ,$496.68 
3/25/2021,$502.86 ,4926764,$516.99 ,$518.53 ,$497 
3/24/2021,$520.81 ,4102211,$533.78 ,$534.42 ,$520 
3/23/2021,$535.09 ,5583461,$529.87 ,$543.12 ,$529.40 
3/22/2021,$523.11 ,3360587,$509.13 ,$529.31 ,$509.13 
3/19/2021,$512.18 ,4386360,$504.96 ,$513.19 ,$501.63 
3/18/2021,$504.79 ,4096606,$516.40 ,$517.90 ,$503.85 
3/17/2021,$524.44 ,2817376,$522 ,$528.37 ,$514.30 
3/16/2021,$524.03 ,3238888,$524.47 ,$533.42 ,$523.21 
3/15/2021,$520.25 ,3485519,$516.32 ,$520.73 ,$508.03 
3/12/2021,$518.02 ,3981743,$512.50 ,$526.51 ,$506.59 
3/11/2021,$523.06 ,4714469,$512.21 ,$530.24 ,$510.71 
3/10/2021,$504.54 ,3771484,$513.50 ,$518.97 ,$504.25 
3/9/2021,$506.44 ,3470042,$507.31 ,$513.11 ,$503.82 
3/8/2021,$493.33 ,3981758,$514.46 ,$518.84 ,$492.85 
3/5/2021,$516.39 ,5069973,$511.98 ,$517.76 ,$498.79 
3/4/2021,$511.29 ,5034792,$521.50 ,$531.50 ,$507.68 
3/3/2021,$520.70 ,5362443,$545.93 ,$548.01 ,$517.81 
3/2/2021,$547.82 ,3042226,$553.34 ,$556.99 ,$546.02 
3/1/2021,$550.64 ,3042180,$545.57 ,$552.14 ,$542 
2/26/2021,$538.85 ,3755574,$546.51 ,$553.09 ,$538 
2/25/2021,$546.70 ,4252879,$550.27 ,$556.48 ,$535.75 
2/24/2021,$553.41 ,3245038,$539.80 ,$556.85 ,$539.07 
2/23/2021,$546.15 ,4136532,$525.00 ,$548.54 ,$518.28 
2/22/2021,$533.78 ,3078594,$534.99 ,$541.79 ,$530.79 
2/19/2021,$540.22 ,2841457,$548 ,$548.99 ,$538.81 
2/18/2021,$548.22 ,2457604,$549 ,$550 ,$538.23 
2/17/2021,$551.34 ,2071590,$550.99 ,$555.25 ,$543.03 
2/16/2021,$557.28 ,2624097,$557.29 ,$563.63 ,$552.73 
2/12/2021,$556.52 ,2197128,$556.94 ,$561.25 ,$550.85 
2/11/2021,$557.59 ,2730587,$564.44 ,$565.93 ,$554.22 
2/10/2021,$563.59 ,3991264,$562.50 ,$566.65 ,$553.46 
2/9/2021,$559.07 ,3703499,$546 ,$566 ,$543 
2/8/2021,$547.92 ,2791721,$555 ,$555 ,$543.70 
2/5/2021,$550.79 ,2376175,$552.26 ,$554.44 ,$545.48 
2/4/2021,$552.16 ,5164537,$539.81 ,$559.48 ,$537.51 
2/3/2021,$539.45 ,3172288,$550.17 ,$550.48 ,$538.24 
2/2/2021,$548.16 ,3767569,$542.01 ,$555.48 ,$538.94 
2/1/2021,$539.04 ,3547507,$536.79 ,$545.06 ,$531.73 
1/29/2021,$532.39 ,4325264,$538 ,$541 ,$530.18 
1/28/2021,$538.60 ,5968978,$535.88 ,$553.15 ,$530.74 
1/27/2021,$523.28 ,8670277,$550.71 ,$556.42 ,$515.73 
1/26/2021,$561.93 ,5023847,$554.73 ,$567.99 ,$554.06 
1/25/2021,$556.78 ,7207329,$567 ,$569.75 ,$548.65 
1/22/2021,$565.17 ,7550822,$582.10 ,$583.99 ,$564.35 
1/21/2021,$579.84 ,11840630,$582.45 ,$588.75 ,$570.40 
1/20/2021,$586.34 ,32637450,$565.42 ,$593.29 ,$556.86 
1/19/2021,$501.77 ,12315810,$501 ,$509.25 ,$493.54 
1/15/2021,$497.98 ,5895788,$500 ,$506.32 ,$495.10 
1/14/2021,$500.86 ,4177357,$507.35 ,$514.50 ,$499.58 
1/13/2021,$507.79 ,5032099,$495.50 ,$512.35 ,$493.01 
1/12/2021,$494.25 ,5990425,$500 ,$501.09 ,$485.67 
1/11/2021,$499.10 ,3812720,$507.84 ,$510.73 ,$497.95 
1/8/2021,$510.40 ,2973949,$511.31 ,$513.24 ,$504.51 
1/7/2021,$508.89 ,3686448,$508.28 ,$516.44 ,$506.42 
1/6/2021,$500.49 ,5346210,$511.97 ,$513.10 ,$499.50 
1/5/2021,$520.80 ,3133872,$521.55 ,$526.78 ,$515.89 
1/4/2021,$522.86 ,4444407,$539 ,$540.80 ,$515.09 
12/31/2020,$540.73 ,5392322,$525.53 ,$545.50 ,$523.15 
12/30/2020,$524.59 ,1876286,$530.13 ,$533.26 ,$523.69 
12/29/2020,$530.87 ,4022358,$519.90 ,$536.55 ,$515.48 
12/28/2020,$519.12 ,2891867,$516.43 ,$523.66 ,$507.13 
12/24/2020,$513.97 ,1143952,$515.12 ,$519.35 ,$512.21 
12/23/2020,$514.48 ,2393187,$524.76 ,$526.32 ,$514.20 
12/22/2020,$527.33 ,1908529,$527.69 ,$530.40 ,$520.50 
12/21/2020,$528.91 ,3893964,$530.05 ,$532.62 ,$521.15 
12/18/2020,$534.45 ,4502692,$533.20 ,$536.37 ,$526.02 
12/17/2020,$532.90 ,3193377,$529 ,$535.49 ,$526.44 
12/16/2020,$524.83 ,3682392,$520.11 ,$527.38 ,$517.69 
12/15/2020,$519.78 ,3398209,$518.50 ,$524.70 ,$513.56 
12/14/2020,$522.42 ,5770424,$505.44 ,$524.16 ,$501.18 
12/11/2020,$503.22 ,3210928,$495 ,$503.34 ,$494.85 
12/10/2020,$501.09 ,3018203,$494.56 ,$503.77 ,$492.91 
12/9/2020,$493.60 ,4178768,$510.53 ,$514.50 ,$491.29 
12/8/2020,$512.66 ,4228950,$517.90 ,$521.49 ,$505.55 
12/7/2020,$515.78 ,4289293,$500.01 ,$517.76 ,$497.77 
12/4/2020,$498.31 ,3666243,$497.50 ,$504.50 ,$493.64 
12/3/2020,$497.52 ,2826116,$502.99 ,$508.77 ,$496.04 
12/2/2020,$503.38 ,3028358,$501.62 ,$506.80 ,$493.50 
12/1/2020,$504.58 ,5063234,$492.34 ,$509.47 ,$491.98 
11/30/2020,$490.70 ,3530940,$490.08 ,$492.55 ,$481.27 
11/27/2020,$491.36 ,2805762,$486.58 ,$493.25 ,$481.85 
11/25/2020,$485 ,3598629,$485.13 ,$486.90 ,$478.92 
11/24/2020,$482.88 ,3557894,$478.84 ,$484.05 ,$475.89 
11/23/2020,$476.62 ,5416571,$490.46 ,$491.15 ,$475.84 
11/20/2020,$488.24 ,4255924,$485.22 ,$494.76 ,$481.57 
11/19/2020,$484.67 ,2254653,$482 ,$487.80 ,$480.47 
11/18/2020,$481.79 ,3629237,$481.95 ,$488.61 ,$477.72 
11/17/2020,$480.63 ,3698082,$480.12 ,$487.51 ,$478.85 
11/16/2020,$479.10 ,3953563,$480 ,$485.58 ,$477.30 
11/13/2020,$482.84 ,3006510,$486.77 ,$488.94 ,$477.80 
11/12/2020,$486.77 ,5071155,$491 ,$496.52 ,$480.43 
11/11/2020,$490.76 ,5460532,$483 ,$491.68 ,$478.26 
11/10/2020,$480.24 ,8306142,$470.95 ,$484.60 ,$463.41 
11/9/2020,$470.50 ,10419680,$485.54 ,$495.85 ,$467.26 
11/6/2020,$514.73 ,4236349,$515 ,$515.21 ,$502.51 
11/5/2020,$513.76 ,5372781,$506.56 ,$518.73 ,$503.45 
11/4/2020,$496.95 ,5137330,$495.36 ,$507.73 ,$493.98 
11/3/2020,$487.22 ,3690213,$484.93 ,$495.31 ,$478.76 
11/2/2020,$484.12 ,4408193,$478.87 ,$486.30 ,$475 
10/30/2020,$475.74 ,7813897,$502.01 ,$505.88 ,$472.21 
10/29/2020,$504.21 ,11120690,$488.50 ,$513.90 ,$479.34 
10/28/2020,$486.24 ,5992731,$486.36 ,$494 ,$483.28 
10/27/2020,$488.93 ,3627175,$490.01 ,$490.49 ,$482.93 
10/26/2020,$488.24 ,6186087,$487.03 ,$496.82 ,$478.90 
10/23/2020,$488.28 ,4927862,$488.11 ,$490.06 ,$481.35 
10/22/2020,$485.23 ,6997922,$494.69 ,$495.14 ,$482 
10/21/2020,$489.05 ,17405710,$501.03 ,$506.85 ,$488.25 
10/20/2020,$525.42 ,10047180,$528.14 ,$533.78 ,$522.26 
10/19/2020,$530.72 ,7567506,$537.07 ,$541.80 ,$525.38 
10/16/2020,$530.79 ,6347363,$549.50 ,$554.33 ,$530.03 
10/15/2020,$541.94 ,5113126,$545.52 ,$551.22 ,$535.10 
10/14/2020,$541.45 ,9510081,$562.61 ,$572.49 ,$541 
10/13/2020,$554.09 ,5602498,$540.56 ,$557.65 ,$537.20 
10/12/2020,$539.81 ,5391074,$548.81 ,$551.81 ,$538.24 
10/9/2020,$539.44 ,4781259,$537.83 ,$544.28 ,$535 
10/8/2020,$531.79 ,5386488,$533.48 ,$535 ,$524.15 
10/7/2020,$534.66 ,7988683,$518 ,$536.49 ,$515.82 
10/6/2020,$505.87 ,4199034,$518.72 ,$521.82 ,$504.16 
10/5/2020,$520.65 ,4088069,$506.80 ,$520.99 ,$501.70 
10/2/2020,$503.06 ,6071165,$516.43 ,$526.37 ,$502.70 
10/1/2020,$527.51 ,8153710,$506.03 ,$529.55 ,$503.60 
9/30/2020,$500.03 ,4634111,$492.57 ,$504.63 ,$489.27 
9/29/2020,$493.48 ,3543193,$489.50 ,$496.29 ,$486.53 
9/28/2020,$490.65 ,4773497,$489.11 ,$492 ,$477.88 
9/25/2020,$482.88 ,3769436,$474.39 ,$484.87 ,$468.03 
9/24/2020,$473.08 ,3727201,$470.53 ,$477 ,$467.82 
9/23/2020,$470.61 ,3726423,$491.04 ,$491.04 ,$469 
9/22/2020,$491.17 ,3482324,$489.01 ,$491.82 ,$479.26 
9/21/2020,$487.35 ,5457539,$467.69 ,$487.78 ,$466.32 
9/18/2020,$469.96 ,6717711,$472.51 ,$479.40 ,$458.60 
9/17/2020,$470.20 ,5379301,$475.16 ,$478.40 ,$463.27 
9/16/2020,$483.86 ,4401412,$499.99 ,$504.66 ,$483.31 
9/15/2020,$495.99 ,5336992,$484 ,$497.47 ,$481.63 
9/14/2020,$476.26 ,7359126,$480.62 ,$488.99 ,$471.30 
9/11/2020,$482.03 ,5035200,$486.49 ,$493.73 ,$476.81 
9/10/2020,$480.67 ,6240181,$503.35 ,$506.29 ,$478.84 
9/9/2020,$500.19 ,6848127,$519.21 ,$520 ,$492.57 
9/8/2020,$507.02 ,5572684,$498.40 ,$522 ,$495 
9/4/2020,$516.05 ,8270118,$520.18 ,$527.36 ,$485.98 
9/3/2020,$525.75 ,9071089,$545 ,$554 ,$521.32 
9/2/2020,$552.84 ,5886930,$553.78 ,$556.50 ,$537.37 
9/1/2020,$556.55 ,9581907,$532.60 ,$557.39 ,$532.45 
8/31/2020,$529.56 ,4941409,$521.16 ,$531.99 ,$517.58 
8/28/2020,$523.89 ,4417517,$532 ,$539 ,$522 
8/27/2020,$526.27 ,9062912,$537.78 ,$541 ,$521.25 
8/26/2020,$547.53 ,20373680,$492.50 ,$549.04 ,$492.08 
8/25/2020,$490.58 ,5727721,$488.19 ,$492.47 ,$485.09 
8/24/2020,$488.81 ,4762183,$495.44 ,$501 ,$483.16 
8/21/2020,$492.31 ,3921293,$496.46 ,$498.13 ,$490 
8/20/2020,$497.90 ,5132480,$484.69 ,$498.94 ,$483.89 
8/19/2020,$484.53 ,3156218,$493.93 ,$494.50 ,$483.50 
8/18/2020,$491.87 ,3505518,$484.35 ,$495.30 ,$482.80 
8/17/2020,$482.35 ,2423545,$484.19 ,$486.24 ,$479.10 
8/14/2020,$482.68 ,2943487,$482.82 ,$488.33 ,$480.21 
8/13/2020,$481.33 ,3008933,$478.40 ,$484.45 ,$476.45 
8/12/2020,$475.47 ,5441243,$471.34 ,$482.49 ,$470.18 
8/11/2020,$466.93 ,7329226,$479.75 ,$480.92 ,$466.55 
8/10/2020,$483.38 ,4691185,$493.35 ,$497.46 ,$478.63 
8/7/2020,$494.73 ,5910348,$505.45 ,$508.29 ,$486.68 
8/6/2020,$509.08 ,3725861,$504.11 ,$510.82 ,$498.70 
8/5/2020,$502.11 ,4313526,$508.68 ,$510.10 ,$501.20 
8/4/2020,$509.64 ,5607968,$498.65 ,$510.44 ,$498.65 
8/3/2020,$498.62 ,5876190,$490.86 ,$503.09 ,$490.23 
7/31/2020,$488.88 ,5924310,$488.29 ,$494.80 ,$484.50 
7/30/2020,$485.80 ,6608569,$480.71 ,$488.35 ,$477.51 
7/29/2020,$484.48 ,6611769,$492.25 ,$494.92 ,$484.13 
7/28/2020,$488.51 ,5986727,$496.02 ,$497.79 ,$487.76 
7/27/2020,$495.65 ,7863069,$484.51 ,$496.92 ,$482.31 
7/24/2020,$480.45 ,7746247,$468.77 ,$487.17 ,$467.54 
7/23/2020,$477.58 ,7722034,$491.13 ,$491.90 ,$472.02 
7/22/2020,$489.82 ,6954078,$492.19 ,$497.20 ,$487.20 
7/21/2020,$490.10 ,9127218,$506 ,$506.22 ,$488.61 
7/20/2020,$502.41 ,11940310,$489.14 ,$504.50 ,$484.20 
7/17/2020,$492.99 ,24991350,$494.87 ,$503.59 ,$484.14 
7/16/2020,$527.39 ,24498990,$526.48 ,$535.54 ,$504.36 
7/15/2020,$523.26 ,10066650,$516.30 ,$529 ,$510.18 
7/14/2020,$524.88 ,15083300,$517.08 ,$525.50 ,$490.49 
7/13/2020,$525.50 ,18399020,$567.98 ,$575.37 ,$520.96 
7/10/2020,$548.73 ,21605590,$519.73 ,$555.88 ,$511.28 
7/9/2020,$507.76 ,5840541,$508.40 ,$510 ,$495.78 
7/8/2020,$502.78 ,5691682,$498.58 ,$505.10 ,$493.81 
7/7/2020,$493.16 ,5669870,$497.31 ,$504.82 ,$490.83 
7/6/2020,$493.81 ,7838990,$480.77 ,$499.50 ,$479.80 
7/2/2020,$476.89 ,6351485,$485.64 ,$492.28 ,$475.53 
7/1/2020,$485.64 ,9705870,$454 ,$488.23 ,$454 
6/30/2020,$455.04 ,4198545,$450.02 ,$457.59 ,$447 
6/29/2020,$447.24 ,4843978,$445.23 ,$447.67 ,$432.14 
6/26/2020,$443.40 ,6804726,$466.39 ,$468.03 ,$442.24 
6/25/2020,$465.91 ,4134513,$458.86 ,$467.01 ,$454 
6/24/2020,$457.85 ,4826191,$468.54 ,$472.36 ,$454 
6/23/2020,$466.26 ,5948436,$466.50 ,$474.01 ,$464.50 
6/22/2020,$468.04 ,6272105,$455.01 ,$468.59 ,$454.21 
6/19/2020,$453.72 ,5933651,$449.12 ,$453.97 ,$445.60 
6/18/2020,$449.87 ,4277627,$448.73 ,$452.76 ,$442.80 
6/17/2020,$447.77 ,6529568,$441.82 ,$450.46 ,$439.22 
6/16/2020,$436.13 ,5514016,$425.76 ,$437.96 ,$425.18 
6/15/2020,$425.50 ,4471499,$421.40 ,$426.49 ,$415.42 
6/12/2020,$418.07 ,6461127,$429 ,$434.06 ,$412.45 
6/11/2020,$425.56 ,7462868,$428.20 ,$445.57 ,$424.16 
6/10/2020,$434.48 ,4896893,$436 ,$439.69 ,$430.55 
6/9/2020,$434.05 ,6796999,$421.65 ,$434.73 ,$420.31 
6/8/2020,$419.49 ,5851453,$416 ,$420.80 ,$406.50 
6/5/2020,$419.60 ,5099561,$407.29 ,$420.24 ,$404.25 
6/4/2020,$414.33 ,5410529,$422.39 ,$428.71 ,$410.03 
6/3/2020,$421.97 ,4316044,$426.95 ,$427.10 ,$418.05 
6/2/2020,$427.31 ,3494801,$425.87 ,$427.59 ,$419.46 
6/1/2020,$425.92 ,3748573,$418.83 ,$426.72 ,$415.98 
5/29/2020,$419.73 ,5270484,$417.46 ,$420.30 ,$411.85 
5/28/2020,$413.44 ,5660160,$417.24 ,$422.37 ,$411.50 
5/27/2020,$419.89 ,10446340,$410.38 ,$420.02 ,$397.86 
5/26/2020,$414.77 ,7881115,$427.77 ,$428.50 ,$413.14 
5/22/2020,$429.32 ,5422334,$437 ,$439.09 ,$427.18 
5/21/2020,$436.25 ,9117325,$448.56 ,$448.96 ,$430.25 
5/20/2020,$447.67 ,5607257,$454.25 ,$455.81 ,$444 
5/19/2020,$451.04 ,4810487,$453.40 ,$458.97 ,$450.47 
5/18/2020,$452.58 ,7780309,$451.16 ,$456.36 ,$443.35 
5/15/2020,$454.19 ,7243998,$440.70 ,$455 ,$437.51 
5/14/2020,$441.95 ,9007467,$444.90 ,$452.38 ,$432.82 
5/13/2020,$438.27 ,7014563,$435.69 ,$447 ,$427.27 
5/12/2020,$431.82 ,4598211,$442 ,$444.17 ,$431.36 
5/11/2020,$440.52 ,5486037,$436.33 ,$444.89 ,$435.56 
5/8/2020,$435.55 ,5054308,$434.14 ,$442 ,$433.64 
5/7/2020,$436.53 ,5650281,$436.89 ,$438.88 ,$430.66 
5/6/2020,$434.26 ,6660737,$429.30 ,$439.77 ,$426.39 
5/5/2020,$424.68 ,6286293,$427.56 ,$431 ,$421.56 
5/4/2020,$428.15 ,7799058,$417.78 ,$428.54 ,$414.87 
5/1/2020,$415.27 ,8299858,$415.10 ,$427.97 ,$411.73 
4/30/2020,$419.85 ,7953975,$410.31 ,$424.44 ,$408 
4/29/2020,$411.89 ,9693137,$399.53 ,$415.86 ,$393.60 
4/28/2020,$403.83 ,10101230,$419.99 ,$421 ,$402.91 
4/27/2020,$421.38 ,6277480,$425 ,$429 ,$420.84 
4/24/2020,$424.99 ,8670362,$425 ,$427.17 ,$415.88 
4/23/2020,$426.70 ,13952330,$419.26 ,$438.41 ,$419.26 
4/22/2020,$421.42 ,21123770,$429.73 ,$433 ,$413 
4/21/2020,$433.83 ,23177550,$444.77 ,$447 ,$425.60 
4/20/2020,$437.49 ,12655820,$435.17 ,$444.49 ,$430.56 
4/17/2020,$422.96 ,12616260,$431 ,$432 ,$414.70 
4/16/2020,$439.17 ,16128670,$437 ,$449.52 ,$431.61 
4/15/2020,$426.75 ,13561220,$413 ,$434.98 ,$412.25 
4/14/2020,$413.55 ,11580980,$397.50 ,$417.82 ,$394.85 
4/13/2020,$396.72 ,11692920,$371.31 ,$400.51 ,$367.70 
4/9/2020,$370.72 ,7711296,$371.06 ,$372.10 ,$363.03 
4/8/2020,$371.12 ,6908879,$374.01 ,$378.39 ,$368.31 
4/7/2020,$372.28 ,7046438,$380 ,$381.33 ,$369.34 
4/6/2020,$379.96 ,8183921,$365.22 ,$380.29 ,$361.71 
4/3/2020,$361.76 ,4860768,$367.47 ,$370.90 ,$357.51 
4/2/2020,$370.08 ,4592477,$364.08 ,$370.99 ,$360.06 
4/1/2020,$364.08 ,6672454,$376.05 ,$380.23 ,$361.02 
3/31/2020,$375.50 ,9366464,$367.93 ,$383.01 ,$366.44 
3/30/2020,$370.96 ,8621964,$363 ,$377.80 ,$361.17 
3/27/2020,$357.12 ,7948775,$359.09 ,$368.56 ,$353 
3/26/2020,$362.99 ,7235016,$344 ,$363.84 ,$341.73 
3/25/2020,$342.39 ,8767171,$361.02 ,$362 ,$339.17 
3/24/2020,$357.32 ,11638680,$369.99 ,$372.93 ,$353.03 
3/23/2020,$360.27 ,13449380,$347.89 ,$366.11 ,$340.88 
3/20/2020,$332.83 ,10853850,$342.31 ,$350.49 ,$332 
3/19/2020,$332.03 ,10615960,$324.33 ,$348.51 ,$316.82 
3/18/2020,$315.47 ,12593650,$302.40 ,$331.58 ,$300 
3/17/2020,$319.75 ,10013910,$306.19 ,$322.90 ,$290.25 
3/16/2020,$298.84 ,10559940,$306.63 ,$334.35 ,$294.75 
3/13/2020,$336.30 ,9458197,$330.51 ,$336.42 ,$307.39 
3/12/2020,$315.25 ,12071590,$326.50 ,$335.72 ,$307.32 
3/11/2020,$349.92 ,6058782,$358.92 ,$362.98 ,$344.79 
3/10/2020,$364.13 ,7604444,$356.43 ,$364.54 ,$347.85 
3/9/2020,$346.49 ,7405458,$343.86 ,$357.47 ,$341.72 
3/6/2020,$368.97 ,8147165,$367.70 ,$371.31 ,$356.85 
3/5/2020,$372.78 ,8746985,$381 ,$391.40 ,$368.64 
3/4/2020,$383.79 ,5487340,$377.77 ,$384.01 ,$370.51 
3/3/2020,$368.77 ,8364623,$381.03 ,$393.52 ,$367.40 
3/2/2020,$381.05 ,6997891,$373.11 ,$381.36 ,$364.50 
2/28/2020,$369.03 ,11178570,$364.21 ,$376.77 ,$356.80 
2/27/2020,$371.71 ,10967700,$371.46 ,$391.56 ,$370.60 
2/26/2020,$379.24 ,8961126,$366.31 ,$382 ,$365 
2/25/2020,$360.09 ,6481243,$372 ,$375.65 ,$357.72 
2/24/2020,$368.70 ,6936418,$364.76 ,$372.82 ,$361 
2/21/2020,$380.07 ,3935618,$385.33 ,$387.32 ,$377.90 
2/20/2020,$386 ,4079425,$386.56 ,$389.70 ,$376.68 
2/19/2020,$386.19 ,4896368,$388.12 ,$392.95 ,$384.90 
2/18/2020,$387.78 ,5180400,$379.30 ,$389.54 ,$379.19 
2/14/2020,$380.40 ,3736266,$381.47 ,$385.15 ,$379.43 
2/13/2020,$381.40 ,4485383,$376.96 ,$385.37 ,$376.51 
2/12/2020,$380.01 ,4624772,$377.18 ,$380.62 ,$375.88 
2/11/2020,$373.69 ,4772870,$373.75 ,$378.11 ,$369.72 
2/10/2020,$371.07 ,5294138,$365 ,$374.80 ,$362.52 
2/7/2020,$366.77 ,4385227,$365.04 ,$371.80 ,$363.57 
2/6/2020,$366.95 ,3920428,$369.60 ,$371.55 ,$362.51 
2/5/2020,$369.67 ,6437026,$375.13 ,$375.25 ,$362.30 
2/4/2020,$369.01 ,7161451,$361 ,$369.57 ,$356.10 
2/3/2020,$358 ,6674885,$347.24 ,$359.63 ,$346.28 
1/31/2020,$345.09 ,5230001,$347.39 ,$347.39 ,$340.98 
1/30/2020,$347.74 ,5328136,$341.10 ,$348.20 ,$339.25 
1/29/2020,$343.16 ,7649183,$349 ,$349.40 ,$338.55 
1/28/2020,$348.52 ,6821581,$345.88 ,$352.40 ,$342.78 
1/27/2020,$342.88 ,7709482,$345.95 ,$351.90 ,$341.02 
1/24/2020,$353.16 ,17939680,$348.46 ,$359.85 ,$345.88 
1/23/2020,$349.60 ,18200290,$326.04 ,$349.88 ,$325.01 
1/22/2020,$326 ,21729960,$332.55 ,$336.30 ,$323.60 
1/21/2020,$338.11 ,14350320,$340 ,$341 ,$332.59 
1/17/2020,$339.67 ,6066547,$341 ,$341.57 ,$337.38 
1/16/2020,$338.62 ,5015997,$343.50 ,$343.56 ,$335.85 
1/15/2020,$339.07 ,5158035,$338.68 ,$343.17 ,$336.60 
1/14/2020,$338.69 ,7201544,$344.40 ,$345.38 ,$335.52 
1/13/2020,$338.92 ,6296174,$331.80 ,$340.85 ,$331.51 
1/10/2020,$329.05 ,4720540,$337.13 ,$338.50 ,$327.27 
1/9/2020,$335.66 ,4717430,$342 ,$343.42 ,$334.61 
1/8/2020,$339.26 ,7109117,$331.49 ,$342.70 ,$331.05 
1/7/2020,$330.75 ,4742458,$336.47 ,$336.70 ,$330.30 
1/6/2020,$335.83 ,5668577,$323.12 ,$336.36 ,$321.20 
1/3/2020,$325.90 ,3795466,$326.78 ,$329.86 ,$325.53 
1/2/2020,$329.81 ,4348493,$326.10 ,$329.98 ,$324.78 
12/31/2019,$323.57 ,3714837,$322 ,$324.92 ,$321.09 
12/30/2019,$323.31 ,4315267,$329.08 ,$329.19 ,$322.86 
12/27/2019,$329.09 ,5037156,$332.96 ,$333.82 ,$326.01 
12/26/2019,$332.63 ,3595854,$334.60 ,$336.46 ,$332.01 
12/24/2019,$333.20 ,2019322,$334.01 ,$335.70 ,$331.60 
12/23/2019,$333.10 ,5767937,$337.76 ,$337.95 ,$331.02 
12/20/2019,$336.90 ,9923260,$335 ,$338 ,$330.60 
12/19/2019,$332.22 ,9833355,$324.50 ,$332.83 ,$324.18 
12/18/2019,$320.80 ,11210740,$316.26 ,$325.36 ,$315.60 
12/17/2019,$315.48 ,10437130,$307.36 ,$316.80 ,$306.60 
12/16/2019,$304.21 ,4660166,$300.85 ,$305.71 ,$298.63 
12/13/2019,$298.50 ,3883069,$298.50 ,$301.80 ,$297.25 
12/12/2019,$298.44 ,4771404,$295.67 ,$299.17 ,$295.06 
12/11/2019,$298.93 ,5607155,$294.49 ,$299.43 ,$294.20 
12/10/2019,$293.12 ,10481240,$296.12 ,$298.94 ,$292.02 
12/9/2019,$302.50 ,5766006,$307.35 ,$311.49 ,$302.44 
12/6/2019,$307.35 ,4459684,$304.70 ,$307.85 ,$302.60 
12/5/2019,$302.86 ,4618867,$305.27 ,$306.48 ,$298.81 
12/4/2019,$304.32 ,3513551,$308.43 ,$308.43 ,$303.27 
12/3/2019,$306.16 ,5272447,$302.22 ,$307.36 ,$301.88 
12/2/2019,$309.99 ,6223135,$314.39 ,$314.39 ,$303.75 
11/29/2019,$314.66 ,2411749,$315.78 ,$316.62 ,$313.34 
11/27/2019,$315.93 ,4100975,$313.93 ,$316.82 ,$312.75 
11/26/2019,$312.49 ,5328348,$315 ,$316.50 ,$311.69 
11/25/2019,$315.55 ,7878943,$308.83 ,$315.73 ,$305.25 
11/22/2019,$310.48 ,5970056,$309.10 ,$311.40 ,$304.41 
11/21/2019,$311.69 ,7488373,$306 ,$312.69 ,$304.26 
11/20/2019,$305.16 ,5115546,$301.01 ,$308.25 ,$301 
11/19/2019,$302.60 ,5919710,$304.01 ,$305.67 ,$298.52 
11/18/2019,$302.57 ,8621566,$296 ,$304.99 ,$293.28 
11/15/2019,$295.03 ,6337779,$290.59 ,$295.82 ,$287.57 
11/14/2019,$289.62 ,6539771,$283.25 ,$290.63 ,$283.22 
11/13/2019,$283.11 ,9233066,$291.03 ,$293.41 ,$281.14 
11/12/2019,$292.01 ,5774833,$295.32 ,$295.35 ,$288.70 
11/11/2019,$294.18 ,3945885,$289.16 ,$296.36 ,$288.50 
11/8/2019,$291.57 ,4509588,$288.73 ,$293.99 ,$287.51 
11/7/2019,$289.57 ,5928471,$290.70 ,$298.19 ,$288.27 
11/6/2019,$288.59 ,3438257,$288.19 ,$290.56 ,$285.84 
11/5/2019,$288.03 ,4062370,$289.99 ,$291.19 ,$286.31 
11/4/2019,$292.86 ,5566213,$288 ,$295.39 ,$287.16 
11/1/2019,$286.81 ,5594293,$288.70 ,$289.12 ,$283.02 
10/31/2019,$287.41 ,5090021,$291 ,$291.45 ,$284.78 
10/30/2019,$291.45 ,9345562,$284.34 ,$293.49 ,$283 
10/29/2019,$281.21 ,4356181,$281.87 ,$284.41 ,$277.55 
10/28/2019,$281.86 ,6248433,$278.05 ,$285.75 ,$277.35 
10/25/2019,$276.82 ,4747829,$270.68 ,$277.77 ,$270.18 
10/24/2019,$271.50 ,4911033,$271.81 ,$274.02 ,$268.80 
10/23/2019,$271.27 ,7154430,$268.06 ,$273.92 ,$266.63 
10/22/2019,$266.69 ,11865590,$271.16 ,$275.41 ,$265.80 
10/21/2019,$278.05 ,12633960,$272.89 ,$279.94 ,$269 
10/18/2019,$275.30 ,23449640,$289.36 ,$290.90 ,$273.36 
10/17/2019,$293.35 ,38462340,$304.49 ,$308.75 ,$288.30 
10/16/2019,$286.28 ,18413340,$283.12 ,$288.17 ,$280.74 
10/15/2019,$284.25 ,7728161,$283.82 ,$285.87 ,$279.40 
10/14/2019,$285.53 ,5543120,$283.93 ,$286.93 ,$282 
10/11/2019,$282.93 ,8817301,$284.80 ,$287.87 ,$275.89 
10/10/2019,$280.48 ,10961190,$265.97 ,$280.53 ,$265.03 
10/9/2019,$267.53 ,6843488,$270.02 ,$271 ,$264.57 
10/8/2019,$270.72 ,6302269,$273.03 ,$275.53 ,$270.64 
10/7/2019,$274.46 ,6796811,$271.99 ,$276.68 ,$271.28 
10/4/2019,$272.79 ,9992774,$268.20 ,$275.48 ,$266.47 
10/3/2019,$268.15 ,9068810,$267.78 ,$268.84 ,$257.01 
10/2/2019,$268.03 ,7773299,$263.61 ,$269.35 ,$262.19 
10/1/2019,$269.58 ,8786284,$267.35 ,$272.20 ,$264.03 
9/30/2019,$267.62 ,6823100,$264 ,$268.88 ,$262.78 
9/27/2019,$263.08 ,7367491,$266.18 ,$267.44 ,$260.39 
9/26/2019,$263.31 ,7696858,$266.42 ,$268.05 ,$260.20 
9/25/2019,$264.75 ,11846750,$255.71 ,$266.60 ,$253.70 
9/24/2019,$254.59 ,16392810,$262.50 ,$265 ,$252.28 
9/23/2019,$265.92 ,13610290,$268.35 ,$273.39 ,$261.89 
9/20/2019,$270.75 ,23954190,$280.26 ,$282.50 ,$266 
9/19/2019,$286.60 ,8545761,$291.56 ,$293.81 ,$283.40 
9/18/2019,$291.56 ,7841539,$294.99 ,$296.05 ,$287.45 
9/17/2019,$298.60 ,4817119,$294.50 ,$299.15 ,$291.79 
9/16/2019,$294.29 ,5307386,$294.23 ,$297.43 ,$289.78 
9/13/2019,$294.15 ,6583124,$290.61 ,$296.62 ,$290.04 
9/12/2019,$288.86 ,5010927,$288.10 ,$292.73 ,$286.60 
9/11/2019,$288.27 ,7405949,$285.70 ,$292.65 ,$284.61 
9/10/2019,$287.99 ,12320250,$291.16 ,$297.17 ,$282.66 
9/9/2019,$294.34 ,8232744,$294.81 ,$301.55 ,$290.60 
9/6/2019,$290.17 ,5166556,$293.35 ,$293.35 ,$287.03 
9/5/2019,$293.25 ,8972356,$285.32 ,$293.97 ,$282.79 
9/4/2019,$291.52 ,4653665,$291.25 ,$292.38 ,$286.51 
9/3/2019,$289.29 ,3684177,$290.82 ,$293.90 ,$288.06 
8/30/2019,$293.75 ,4447990,$298.78 ,$298.94 ,$290.85 
8/29/2019,$296.78 ,4392532,$295 ,$299.93 ,$294.99 
8/28/2019,$291.77 ,3958043,$289.47 ,$292.82 ,$287.75 
8/27/2019,$291.03 ,6314559,$294.54 ,$296.77 ,$287.20 
8/26/2019,$294.98 ,4696982,$295.24 ,$296.95 ,$292.50 
8/23/2019,$291.44 ,6331189,$295 ,$299.01 ,$290.32 
8/22/2019,$296.93 ,4977042,$298.65 ,$300.33 ,$293.15 
8/21/2019,$297.81 ,5689746,$301.61 ,$302.88 ,$296.20 
8/20/2019,$298.99 ,7352162,$304.57 ,$305 ,$297.68 
8/19/2019,$309.38 ,4951733,$306.25 ,$311.75 ,$304.75 
8/16/2019,$302.80 ,7090757,$298.86 ,$303.55 ,$296.27 
8/15/2019,$295.76 ,9683384,$299.50 ,$300.63 ,$288 
8/14/2019,$299.11 ,7355753,$308.01 ,$308.41 ,$298.01 
8/13/2019,$312.28 ,5338761,$309.77 ,$316.43 ,$308.16 
8/12/2019,$310.83 ,6531722,$305.46 ,$312.89 ,$303.24 
8/9/2019,$308.93 ,5349059,$313.74 ,$316.64 ,$305.68 
8/8/2019,$315.90 ,5905865,$311.03 ,$316.36 ,$306.63 
8/7/2019,$304.29 ,9322433,$302.56 ,$305 ,$296.81 
8/6/2019,$310.10 ,6179090,$310.58 ,$311.88 ,$305.30 
8/5/2019,$307.63 ,8692485,$310.96 ,$313.42 ,$304.68 
8/2/2019,$318.83 ,6280343,$317.49 ,$319.41 ,$311.80 
8/1/2019,$319.50 ,6563156,$324.25 ,$328.58 ,$318.74 
7/31/2019,$322.99 ,6259494,$325.16 ,$331.77 ,$318.53 
7/30/2019,$325.93 ,6029320,$329.20 ,$329.65 ,$323.23 
7/29/2019,$332.70 ,5782817,$335.98 ,$336.40 ,$328.77 
7/26/2019,$335.78 ,10847500,$328.79 ,$336 ,$327.50 
7/25/2019,$326.46 ,10798500,$318.86 ,$327.69 ,$316.30 
7/24/2019,$317.94 ,11961820,$310.51 ,$319.99 ,$307.25 
7/23/2019,$307.30 ,9171068,$311.44 ,$313.50 ,$306 
7/22/2019,$310.62 ,17725330,$312 ,$314.54 ,$305.81 
7/19/2019,$315.10 ,16302480,$323.40 ,$325.85 ,$314.23 
7/18/2019,$325.21 ,31305900,$323.76 ,$329.85 ,$320.30 
7/17/2019,$362.44 ,13639540,$366.25 ,$366.50 ,$361.75 
7/16/2019,$365.99 ,5863222,$370.09 ,$371.34 ,$364.92 
7/15/2019,$366.60 ,7944680,$372.94 ,$373.68 ,$362.30 
7/12/2019,$373.25 ,6636937,$378.68 ,$379.74 ,$372.79 
7/11/2019,$379.50 ,4336287,$381.10 ,$384.54 ,$378.80 
7/10/2019,$381 ,5878790,$382.77 ,$384.34 ,$377.40 
7/9/2019,$379.93 ,6932822,$379.06 ,$384.76 ,$377.50 
7/8/2019,$376.16 ,3113402,$378.19 ,$378.25 ,$375.36 
7/5/2019,$380.55 ,3732162,$378.29 ,$381.40 ,$375.56 
7/3/2019,$381.72 ,3799009,$376.69 ,$381.99 ,$375.84 
7/2/2019,$375.43 ,3628962,$374.89 ,$376 ,$370.31 
7/1/2019,$374.60 ,5001518,$373.50 ,$376.66 ,$372 
6/28/2019,$367.32 ,4592706,$370.26 ,$371.54 ,$364.87 
6/27/2019,$370.02 ,4138575,$363.20 ,$370.85 ,$363.20 
6/26/2019,$362.20 ,3669677,$361.60 ,$366.79 ,$361.60 
6/25/2019,$360.30 ,5750383,$370.75 ,$371.00 ,$358.29 
6/24/2019,$371.04 ,4830240,$370.27 ,$375 ,$370.20 
6/21/2019,$369.21 ,7448356,$365 ,$371.45 ,$365 
6/20/2019,$365.21 ,5899467,$365.91 ,$370.12 ,$361.22 
6/19/2019,$363.52 ,5667156,$361.72 ,$364.74 ,$356.12 
6/18/2019,$357.12 ,5428542,$355.57 ,$361.50 ,$353.75 
6/17/2019,$350.62 ,5358219,$342.69 ,$351.77 ,$342.06 
6/14/2019,$339.73 ,5019011,$341.63 ,$343.40 ,$336.16 
6/13/2019,$343.43 ,6209347,$347.23 ,$348.50 ,$339.25 
6/12/2019,$345.56 ,4584704,$351.82 ,$353.61 ,$343.23 
6/11/2019,$351.27 ,5396712,$355 ,$357.58 ,$348.50 
6/10/2019,$352.01 ,7810261,$363.65 ,$367.10 ,$349.29 
6/7/2019,$360.87 ,4777321,$357.39 ,$365.15 ,$355.69 
6/6/2019,$357.13 ,3709955,$354.84 ,$358.21 ,$352.09 
6/5/2019,$355.73 ,5020081,$354.38 ,$357.88 ,$348.71 
6/4/2019,$353.40 ,7891632,$345 ,$353.61 ,$343.25 
6/3/2019,$336.63 ,7849589,$343.56 ,$347.66 ,$332.65 
5/31/2019,$343.28 ,5023449,$347.22 ,$349.34 ,$342.92 
5/30/2019,$351.85 ,4008042,$350.55 ,$354.21 ,$348.30 
5/29/2019,$349.19 ,5658913,$353.60 ,$353.85 ,$345.90 
5/28/2019,$354.78 ,4717144,$354.39 ,$361.20 ,$353.64 
5/24/2019,$354.39 ,3830963,$355.41 ,$359.44 ,$353.79 
5/23/2019,$352.21 ,5630443,$355.50 ,$357.42 ,$347.70 
5/22/2019,$359.73 ,6229389,$358.01 ,$370.46 ,$357.30 
5/21/2019,$354.27 ,4026369,$350.95 ,$356.43 ,$349.93 
5/20/2019,$348.11 ,4621515,$351.23 ,$352.42 ,$345.40 
5/17/2019,$354.45 ,4725448,$356.39 ,$359.62 ,$353.79 
5/16/2019,$359.31 ,6441463,$356.37 ,$364 ,$353.94 
5/15/2019,$354.99 ,6340118,$343.34 ,$356.50 ,$341.39 
5/14/2019,$345.61 ,5353029,$348.71 ,$349.95 ,$342.50 
5/13/2019,$345.26 ,8026697,$352.29 ,$354.26 ,$343.10 
5/10/2019,$361.04 ,5657123,$361.62 ,$365.26 ,$353.06 
5/9/2019,$362.75 ,5882572,$360.90 ,$364.20 ,$352.75 
5/8/2019,$364.37 ,6571957,$367.92 ,$369 ,$361.36 
5/7/2019,$370.46 ,6974924,$377 ,$379.91 ,$365.81 
5/6/2019,$378.67 ,5793144,$377.69 ,$381.35 ,$376 
5/3/2019,$385.03 ,5130301,$381.53 ,$385.03 ,$378.27 
5/2/2019,$379.06 ,5398167,$378 ,$383.50 ,$374.51 
5/1/2019,$378.81 ,9257284,$374 ,$385.99 ,$373.17 
4/30/2019,$370.54 ,3863973,$369.56 ,$374.50 ,$368.35 
4/29/2019,$371.83 ,3764911,$373.68 ,$374.58 ,$369.12 
4/26/2019,$374.85 ,5615814,$368.35 ,$375.14 ,$366.24 
4/25/2019,$368.33 ,6242518,$374.49 ,$374.76 ,$365.70 
4/24/2019,$374.23 ,6519978,$381.07 ,$381.90 ,$373.27 
4/23/2019,$381.89 ,9992022,$375.45 ,$384.80 ,$374.71 
4/22/2019,$377.34 ,11959940,$359.70 ,$377.69 ,$359 
4/18/2019,$360.35 ,8346470,$355 ,$360.41 ,$351.64 
4/17/2019,$354.74 ,18009350,$365.05 ,$368.76 ,$350.60 
4/16/2019,$359.46 ,18416450,$355 ,$364.48 ,$352.72 
4/15/2019,$348.87 ,8819081,$350.71 ,$352.21 ,$342.27 
4/12/2019,$351.14 ,15605580,$360.69 ,$361.75 ,$349.36 
4/11/2019,$367.65 ,6416155,$365 ,$370.12 ,$360.81 
4/10/2019,$363.92 ,4537963,$365.79 ,$368.85 ,$362.25 
4/9/2019,$364.71 ,5431467,$360.54 ,$366.74 ,$359 
4/8/2019,$361.41 ,4648877,$365.11 ,$365.94 ,$359.93 
4/5/2019,$365.49 ,3898888,$369 ,$369.80 ,$364.66 
4/4/2019,$367.88 ,4621965,$370.07 ,$372.05 ,$362.40 
4/3/2019,$369.75 ,5366498,$369.26 ,$373.41 ,$366.19 
4/2/2019,$367.72 ,5114466,$366.25 ,$368.42 ,$362.22 
4/1/2019,$366.96 ,6974045,$359 ,$368.33 ,$358.51 
3/29/2019,$356.56 ,4700683,$357.16 ,$358.25 ,$353.71 
3/28/2019,$354.61 ,4349820,$354.49 ,$355.94 ,$349.20 
3/27/2019,$353.37 ,7826426,$361 ,$362.47 ,$350.37 
3/26/2019,$359.97 ,7648249,$367.87 ,$368.38 ,$358.02 
3/25/2019,$366.23 ,8464512,$359 ,$367.04 ,$357.44 
3/22/2019,$361.01 ,8627185,$375.95 ,$376.43 ,$360.04 
3/21/2019,$377.87 ,8522990,$374 ,$379 ,$370.61 
3/20/2019,$375.22 ,10784680,$358.91 ,$375.90 ,$357.01 
3/19/2019,$358.78 ,7234757,$366.40 ,$366.96 ,$356.80 
3/18/2019,$363.44 ,7187742,$362.47 ,$370.97 ,$361.86 
3/15/2019,$361.46 ,8438090,$361.02 ,$364 ,$358.89 
3/14/2019,$358.82 ,5263947,$360.50 ,$363.84 ,$358.10 
3/13/2019,$361.21 ,6399141,$355.81 ,$362.48 ,$352.77 
3/12/2019,$356.27 ,5161706,$359.37 ,$360.13 ,$353.80 
3/11/2019,$358.86 ,5342609,$352 ,$358.98 ,$350.03 
3/8/2019,$349.60 ,6891251,$345.75 ,$349.92 ,$342.47 
3/7/2019,$352.60 ,6144401,$360.16 ,$362.86 ,$350.50 
3/6/2019,$359.61 ,6194189,$353.60 ,$359.88 ,$351.70 
3/5/2019,$354.30 ,5919936,$351.46 ,$356.17 ,$348.25 
3/4/2019,$351.04 ,7478914,$359.72 ,$362.25 ,$348.04 
3/1/2019,$357.32 ,5466102,$362.26 ,$362.87 ,$354.69 
2/28/2019,$358.10 ,6157285,$362.47 ,$366.39 ,$357.71 
2/27/2019,$362.87 ,5621615,$363.50 ,$368.03 ,$359.80 
2/26/2019,$364.97 ,4924616,$362.98 ,$365.70 ,$359.33 
2/25/2019,$363.91 ,7537507,$367.01 ,$371.49 ,$363.79 
2/22/2019,$363.02 ,7077753,$360.34 ,$366.13 ,$360.05 
2/21/2019,$356.97 ,6217185,$360.03 ,$362.85 ,$353.88 
2/20/2019,$359.91 ,8101412,$364.85 ,$366.71 ,$356.70 
2/19/2019,$361.92 ,7379683,$355.80 ,$365 ,$355.32 
2/15/2019,$356.87 ,9218066,$358.47 ,$364.40 ,$355.50 
2/14/2019,$359.07 ,9280393,$351.75 ,$360.45 ,$348.33 
2/13/2019,$351.77 ,10529710,$357.30 ,$359.60 ,$350.28 
2/12/2019,$359.97 ,10388190,$348.09 ,$360 ,$346.52 
2/11/2019,$345.73 ,5438119,$350 ,$352.87 ,$344.81 
2/8/2019,$347.57 ,7550268,$338 ,$348 ,$338 
2/7/2019,$344.71 ,7850353,$347.90 ,$348.75 ,$339.02 
2/6/2019,$352.19 ,6707279,$357 ,$357.04 ,$347.19 
2/5/2019,$355.81 ,9030720,$353.20 ,$360 ,$352.90 
2/4/2019,$351.34 ,9024097,$342.60 ,$352 ,$341.30 
2/1/2019,$339.85 ,9822615,$337.18 ,$346.84 ,$336.50 
1/31/2019,$339.50 ,8493725,$339.68 ,$345.99 ,$338.09 
1/30/2019,$340.66 ,9081266,$332.75 ,$341.78 ,$330.80 
1/29/2019,$328.90 ,7619808,$335.87 ,$338.22 ,$328.15 
1/28/2019,$335.66 ,8639403,$334.70 ,$336.30 ,$328.88 
1/25/2019,$338.05 ,11147040,$328.72 ,$340 ,$328.51 
1/24/2019,$326.67 ,11115040,$320.60 ,$331.80 ,$319 
1/23/2019,$321.99 ,13456260,$328.25 ,$331.75 ,$318.60 
1/22/2019,$325.16 ,17909440,$334.89 ,$336.88 ,$321.03 
1/18/2019,$339.10 ,26583340,$351.97 ,$353 ,$336.73 
1/17/2019,$353.19 ,18238350,$349.50 ,$355.79 ,$346.41 
1/16/2019,$351.39 ,15345670,$354 ,$358.85 ,$348.11 
1/15/2019,$354.64 ,21133450,$349.60 ,$357.22 ,$347 
1/14/2019,$332.94 ,10460420,$334.24 ,$335.48 ,$329.13 
1/11/2019,$337.59 ,19458690,$330.96 ,$341.09 ,$328.52 
1/10/2019,$324.66 ,13398180,$314.57 ,$325.37 ,$312.50 
1/9/2019,$319.96 ,13307980,$317.71 ,$323.35 ,$313.50 
1/8/2019,$320.27 ,15279550,$319.98 ,$320.59 ,$308.01 
1/7/2019,$315.34 ,18586260,$302.10 ,$316.80 ,$301.65 
1/4/2019,$297.57 ,19299450,$281.88 ,$297.80 ,$278.54 
1/3/2019,$271.20 ,14946970,$270.20 ,$275.79 ,$264.43 
1/2/2019,$267.66 ,11612970,$259.28 ,$269.75 ,$256.58 
12/31/2018,$267.66 ,13496880,$260.16 ,$270.10 ,$260 
12/28/2018,$256.08 ,10972920,$257.94 ,$261.91 ,$249.80 
12/27/2018,$255.57 ,12124430,$250.11 ,$255.59 ,$240.10 
12/26/2018,$253.67 ,14203700,$233.92 ,$254.50 ,$231.23 
12/24/2018,$233.88 ,9547616,$242 ,$250.65 ,$233.68 
12/21/2018,$246.39 ,21359330,$263.83 ,$264.50 ,$241.29 
12/20/2018,$260.58 ,16769340,$264.64 ,$269.90 ,$251.88 
12/19/2018,$266.77 ,13767940,$269.96 ,$280.87 ,$263.77 
12/18/2018,$270.94 ,10330450,$263.30 ,$275.75 ,$263.29 
12/17/2018,$262.80 ,9616301,$266.51 ,$272.98 ,$261.08 
12/14/2018,$266.84 ,9908930,$271.81 ,$277.67 ,$265 
12/13/2018,$276.02 ,8373219,$277.64 ,$279.32 ,$271.85 
12/12/2018,$274.88 ,11439180,$267.66 ,$281.77 ,$266.48 
12/11/2018,$265.32 ,9823745,$274.08 ,$274.50 ,$262.76 
12/10/2018,$269.70 ,9582549,$264.19 ,$271.18 ,$260.61 
12/7/2018,$265.14 ,12454720,$282.48 ,$284.21 ,$263.38 
12/6/2018,$282.88 ,13043830,$268.33 ,$283.22 ,$267.14 
12/4/2018,$275.33 ,12762320,$288.13 ,$295.74 ,$274.72 
12/3/2018,$290.30 ,14098100,$293.19 ,$298.72 ,$284.58 
11/30/2018,$286.13 ,11835670,$288 ,$290.81 ,$283.06 
11/29/2018,$288.75 ,15016520,$282.32 ,$290.49 ,$275.50 
11/28/2018,$282.65 ,14773990,$271.98 ,$284 ,$263.34 
11/27/2018,$266.63 ,10956480,$259.24 ,$269.08 ,$256.14 
11/26/2018,$261.43 ,12490330,$260.55 ,$266.25 ,$253.80 
11/23/2018,$258.82 ,5245123,$260.11 ,$265.50 ,$256.84 
11/21/2018,$262.13 ,11014290,$274.42 ,$275.34 ,$261.51 
11/20/2018,$266.98 ,16676540,$254.63 ,$276.34 ,$250 
11/19/2018,$270.60 ,12486920,$283.79 ,$285.09 ,$269.15 
11/16/2018,$286.21 ,9084589,$287.14 ,$291.72 ,$281 
11/15/2018,$290.06 ,9874546,$285.51 ,$292.50 ,$282.16 
11/14/2018,$286.73 ,16807390,$300.40 ,$301.84 ,$278.30 
11/13/2018,$294.40 ,12117170,$295 ,$303.55 ,$289.10 
11/12/2018,$294.07 ,10886490,$300 ,$302.49 ,$290.63 
11/9/2018,$303.47 ,13463170,$311.07 ,$312.98 ,$298.01 
11/8/2018,$317.92 ,11008020,$328 ,$332.05 ,$316.61 
11/7/2018,$327.50 ,13308030,$312.90 ,$328.56 ,$311 
11/6/2018,$310.84 ,9659785,$314.76 ,$320.22 ,$305.30 
11/5/2018,$315.44 ,10247430,$311.10 ,$317.53 ,$303.74 
11/2/2018,$309.10 ,13356130,$318 ,$321.88 ,$308.33 
11/1/2018,$317.38 ,15031690,$304.59 ,$318.45 ,$296.67 
10/31/2018,$301.78 ,20092970,$297.77 ,$311.50 ,$295.05 
10/30/2018,$285.81 ,23622680,$275.57 ,$290.53 ,$271.21 
10/29/2018,$284.84 ,21662320,$305.26 ,$307.89 ,$275.40 
10/26/2018,$299.83 ,19591690,$300.51 ,$313.99 ,$292.30 
10/25/2018,$312.87 ,13285040,$307.12 ,$319.94 ,$305.25 
10/24/2018,$301.83 ,18926130,$332.28 ,$333 ,$300.73 
10/23/2018,$333.16 ,14880870,$318 ,$336.58 ,$316.77 
10/22/2018,$329.54 ,17081350,$333.10 ,$335.80 ,$320.34 
10/19/2018,$332.67 ,16696220,$351 ,$355.80 ,$332.20 
10/18/2018,$346.71 ,18067760,$360.67 ,$362.20 ,$346.05 
10/17/2018,$364.70 ,32564190,$378.33 ,$380 ,$356.50 
10/16/2018,$346.40 ,19670560,$337.24 ,$347.95 ,$330.56 
10/15/2018,$333.13 ,11177510,$337.63 ,$339.21 ,$326.93 
10/12/2018,$339.56 ,14806860,$339.57 ,$341.30 ,$328.90 
10/11/2018,$321.10 ,16020690,$324.94 ,$334.20 ,$315.81 
10/10/2018,$325.89 ,17063660,$353.52 ,$355.15 ,$325.39 
10/9/2018,$355.71 ,8730976,$348.48 ,$358.72 ,$347.09 
10/8/2018,$349.10 ,12367510,$345.18 ,$352.95 ,$338.11 
10/5/2018,$351.35 ,13512410,$359.77 ,$363.50 ,$343 
10/4/2018,$363.65 ,9052362,$375.88 ,$375.92 ,$360.40 
10/3/2018,$377.05 ,5791686,$378.53 ,$380.93 ,$374.88 
10/2/2018,$377.14 ,8620881,$384.38 ,$386.80 ,$373.83 
10/1/2018,$381.43 ,8339887,$375.85 ,$386.11 ,$375.59 
9/28/2018,$374.13 ,7104066,$379.24 ,$380.80 ,$373.73 
9/27/2018,$380.71 ,7295123,$379.87 ,$383.20 ,$376 
9/26/2018,$377.88 ,13540220,$373.59 ,$382 ,$370.88 
9/25/2018,$369.43 ,6775710,$370.23 ,$371.34 ,$364.49 
9/24/2018,$369.61 ,9284561,$359 ,$373.64 ,$354.33 
9/21/2018,$361.19 ,11894650,$366.59 ,$372.22 ,$360.74 
9/20/2018,$365.36 ,6756310,$370.26 ,$370.26 ,$363.17 
9/19/2018,$366.96 ,11842150,$373.95 ,$377.61 ,$359.17 
9/18/2018,$367.65 ,10387420,$353.67 ,$368.15 ,$351.56 
9/17/2018,$350.35 ,7017306,$364.22 ,$367.33 ,$349.57 
9/14/2018,$364.56 ,4735893,$368.55 ,$371.09 ,$363.46 
9/13/2018,$368.15 ,8349938,$371.91 ,$374.09 ,$366.84 
9/12/2018,$369.95 ,10360140,$359.08 ,$370.43 ,$356.24 
9/11/2018,$355.93 ,6190391,$344.67 ,$356.15 ,$343.90 
9/10/2018,$348.41 ,5732200,$352.27 ,$352.50 ,$343.08 
9/7/2018,$348.68 ,9094700,$342.20 ,$355.75 ,$341.25 
9/6/2018,$346.46 ,13029930,$347.44 ,$356 ,$341.99 
9/5/2018,$341.18 ,13072940,$360 ,$363.39 ,$335.83 
9/4/2018,$363.60 ,7590605,$366.47 ,$368.88 ,$361.26 
8/31/2018,$367.68 ,7918045,$370.66 ,$376 ,$367.08 
8/30/2018,$370.98 ,10969500,$365 ,$376.81 ,$363.54 
8/29/2018,$368.04 ,8103592,$367.20 ,$369.86 ,$362.91 
8/28/2018,$368.49 ,9190409,$367.23 ,$369.99 ,$360.38 
8/27/2018,$364.58 ,17371910,$367.15 ,$374.49 ,$360 
8/24/2018,$358.82 ,14705630,$346 ,$359.15 ,$344.54 
8/23/2018,$339.17 ,11312170,$348.11 ,$350.08 ,$337.65 
8/22/2018,$344.44 ,8912548,$338.49 ,$346.21 ,$337.41 
8/21/2018,$338.02 ,14501880,$331 ,$341.50 ,$329.70 
8/20/2018,$327.73 ,13564480,$314.64 ,$331.60 ,$310.93 
8/17/2018,$316.78 ,10370280,$319.01 ,$324.37 ,$312.96 
8/16/2018,$322.44 ,6674219,$329.90 ,$331.17 ,$321.21 
8/15/2018,$326.40 ,11746500,$334.03 ,$335.50 ,$321 
8/14/2018,$337.49 ,5791723,$342.09 ,$342.41 ,$336.25 
8/13/2018,$341.31 ,6884455,$339.89 ,$347.19 ,$339.07 
8/10/2018,$345.87 ,4327581,$346.91 ,$349.10 ,$344.42 
8/9/2018,$349.36 ,4680889,$347.96 ,$352.44 ,$345.82 
8/8/2018,$347.61 ,5392715,$352.21 ,$352.29 ,$346.61 
8/7/2018,$351.83 ,7952555,$353.23 ,$357.31 ,$349.01 
8/6/2018,$350.92 ,8186587,$342.87 ,$351.98 ,$341.74 
8/3/2018,$343.09 ,8836308,$347.75 ,$347.86 ,$338.48 
8/2/2018,$344.50 ,7111670,$337.23 ,$345 ,$334.71 
8/1/2018,$338.38 ,7761986,$335.87 ,$344.41 ,$334.02 
7/31/2018,$337.45 ,14039440,$331.51 ,$342.50 ,$328 
7/30/2018,$334.96 ,18227810,$351.93 ,$352.03 ,$334.02 
7/27/2018,$355.21 ,8938523,$366.85 ,$367 ,$351.65 
7/26/2018,$363.09 ,6961506,$358.19 ,$365.54 ,$356.63 
7/25/2018,$362.87 ,8382441,$357.57 ,$363.28 ,$355.65 
7/24/2018,$357.32 ,12829360,$366.94 ,$367.40 ,$354.56 
7/23/2018,$362.66 ,11463490,$359.15 ,$363.90 ,$353.60 
7/20/2018,$361.05 ,15089420,$364.92 ,$370.50 ,$360.14 
7/19/2018,$364.23 ,16829630,$371.06 ,$375.75 ,$363 
7/18/2018,$375.13 ,21706840,$381.24 ,$383.13 ,$372.36 
7/17/2018,$379.48 ,58303640,$346.95 ,$385 ,$344 
7/16/2018,$400.48 ,22225460,$398.98 ,$403.36 ,$391.75 
7/13/2018,$395.80 ,15695110,$409.19 ,$410 ,$395.08 
7/12/2018,$413.50 ,12703940,$415.16 ,$416.79 ,$407.80 
7/11/2018,$418.65 ,9635060,$411.34 ,$419.77 ,$410.60 
7/10/2018,$415.63 ,9205902,$417.24 ,$419.44 ,$413.08 
7/9/2018,$418.97 ,11091340,$415.95 ,$419.12 ,$411.10 
7/6/2018,$408.25 ,8568382,$397.45 ,$408.65 ,$395.52 
7/5/2018,$398.39 ,8418116,$393.80 ,$399.24 ,$390.86 
7/3/2018,$390.52 ,5280344,$399.49 ,$399.98 ,$389.50 
7/2/2018,$398.18 ,8125655,$385.45 ,$398.38 ,$380 
6/29/2018,$391.43 ,9228678,$399.19 ,$401.33 ,$390.55 
6/28/2018,$395.42 ,12202630,$395 ,$396.90 ,$387.10 
6/27/2018,$390.39 ,16495200,$407.56 ,$411.59 ,$390 
6/26/2018,$399.39 ,15165630,$393.28 ,$404.78 ,$389.05 
6/25/2018,$384.48 ,22458240,$404.69 ,$405.99 ,$378.75 
6/22/2018,$411.09 ,10410580,$419.98 ,$420.50 ,$409.65 
6/21/2018,$415.44 ,18048570,$421.38 ,$423.21 ,$406.37 
6/20/2018,$416.76 ,16453370,$415.15 ,$419.47 ,$409.60 
6/19/2018,$404.98 ,16673810,$389.50 ,$405.29 ,$388.50 
6/18/2018,$390.40 ,6800984,$387.72 ,$393.16 ,$386.50 
6/15/2018,$391.98 ,13569210,$390.71 ,$398.86 ,$387.51 
6/14/2018,$392.87 ,14549540,$384.27 ,$395.03 ,$383.25 
6/13/2018,$379.93 ,18186020,$367.53 ,$384.25 ,$364.11 
6/12/2018,$363.83 ,4220072,$363.60 ,$365.98 ,$362 
6/11/2018,$361.45 ,4415776,$361.88 ,$365.67 ,$360.91 
6/8/2018,$360.57 ,5222873,$358.06 ,$362.39 ,$356.25 
6/7/2018,$361.40 ,8260323,$368.54 ,$368.70 ,$357.80 
6/6/2018,$367.45 ,7700033,$367.78 ,$369.68 ,$363.33 
6/5/2018,$365.80 ,8346886,$363.32 ,$369.83 ,$361.41 
6/4/2018,$361.81 ,7662865,$362.69 ,$363 ,$355.51 
6/1/2018,$359.93 ,7102421,$353.88 ,$359.99 ,$352.82 
5/31/2018,$351.60 ,6906813,$353.80 ,$355.53 ,$350.21 
5/30/2018,$353.54 ,5658169,$352.37 ,$354 ,$349.26 
5/29/2018,$349.73 ,9700413,$351.50 ,$356.10 ,$346.71 
5/25/2018,$351.29 ,7801602,$349.90 ,$354.36 ,$348.83 
5/24/2018,$349.29 ,14493130,$344.34 ,$354 ,$341.12 
5/23/2018,$344.72 ,10021210,$329.04 ,$345 ,$328.09 
5/22/2018,$331.62 ,5916643,$334.05 ,$336.63 ,$331.15 
5/21/2018,$331.82 ,6596446,$327.11 ,$331.88 ,$325.45 
5/18/2018,$324.18 ,3574961,$324.90 ,$326.42 ,$322.80 
5/17/2018,$325.22 ,4927856,$327.53 ,$330.45 ,$323.17 
5/16/2018,$328.19 ,3664326,$326.28 ,$329.72 ,$325.14 
5/15/2018,$326.13 ,4739263,$325.94 ,$326.94 ,$322.43 
5/14/2018,$328.53 ,4086250,$327.25 ,$330.50 ,$327.04 
5/11/2018,$326.46 ,4584430,$329.65 ,$331.26 ,$324.87 
5/10/2018,$329.60 ,5232784,$331.50 ,$332.06 ,$327.34 
5/9/2018,$330.30 ,5623407,$328.79 ,$331.95 ,$327.51 
5/8/2018,$326.89 ,4694953,$325.90 ,$327.35 ,$323.05 
5/7/2018,$326.26 ,7121198,$321.99 ,$329.02 ,$319.34 
5/4/2018,$320.09 ,8204203,$308.71 ,$320.98 ,$307.67 
5/3/2018,$311.69 ,6037386,$312.59 ,$312.59 ,$305.73 
5/2/2018,$313.36 ,5577613,$311.65 ,$317.10 ,$310.40 
5/1/2018,$313.30 ,6014838,$310.36 ,$313.48 ,$306.69 
4/30/2018,$312.46 ,6066764,$311.07 ,$317.88 ,$310.12 
4/27/2018,$311.76 ,7070118,$316.25 ,$317.45 ,$306.50 
4/26/2018,$313.98 ,9223707,$310 ,$316.63 ,$305.58 
4/25/2018,$305.76 ,14763940,$306.37 ,$309.98 ,$292.62 
4/24/2018,$307.02 ,13873450,$319.22 ,$320.25 ,$302.31 
4/23/2018,$318.69 ,8871631,$329.15 ,$331.22 ,$317.08 
4/20/2018,$327.77 ,9116941,$332.22 ,$336.51 ,$326 
4/19/2018,$332.70 ,8420032,$332.88 ,$335.31 ,$326.77 
4/18/2018,$334.52 ,11175190,$336.30 ,$338.82 ,$331.10 
4/17/2018,$336.06 ,33811180,$329.66 ,$338.62 ,$323.77 
4/16/2018,$307.78 ,19782250,$315.99 ,$316.10 ,$304 
4/13/2018,$311.65 ,12001850,$317.29 ,$317.49 ,$308.23 
4/12/2018,$309.25 ,10206660,$309.72 ,$311.13 ,$306.75 
4/11/2018,$303.67 ,14839040,$302.89 ,$311.64 ,$301.82 
4/10/2018,$298.07 ,10669840,$297.68 ,$298.95 ,$291.69 
4/9/2018,$289.93 ,9833068,$291.77 ,$299.55 ,$289.12 
4/6/2018,$288.85 ,11362890,$289.10 ,$298.85 ,$285.65 
4/5/2018,$293.97 ,10569180,$293.15 ,$299.16 ,$289.11 
4/4/2018,$288.94 ,12892670,$273.63 ,$290.31 ,$271.22 
4/3/2018,$283.67 ,12669270,$285.45 ,$291.25 ,$278.01 
4/2/2018,$280.29 ,13343310,$291.94 ,$292.87 ,$275.05 
3/29/2018,$295.35 ,19115850,$287 ,$295.35 ,$275.90 
3/28/2018,$285.77 ,18949520,$298.39 ,$298.80 ,$281.61 
3/27/2018,$300.69 ,12028240,$322.49 ,$322.90 ,$297 
3/26/2018,$320.35 ,11970640,$309.36 ,$321.03 ,$302 
3/23/2018,$300.94 ,9504181,$307.41 ,$310.73 ,$300.36 
3/22/2018,$306.70 ,7959714,$313.07 ,$314.12 ,$305.66 
3/21/2018,$316.48 ,5061869,$316.35 ,$319.40 ,$314.51 
3/20/2018,$317.50 ,5983240,$313.26 ,$319.50 ,$312.80 
3/19/2018,$313.48 ,9844201,$315.80 ,$317 ,$307.34 
3/16/2018,$318.45 ,7315268,$321.42 ,$324.11 ,$318.37 
3/15/2018,$321.09 ,5465467,$323.17 ,$323.40 ,$318.14 
3/14/2018,$321.55 ,10463840,$318.16 ,$323.88 ,$317.70 
3/13/2018,$315.88 ,12878750,$323.87 ,$325.84 ,$313.28 
3/12/2018,$321.30 ,20277420,$333.56 ,$333.98 ,$318.60 
3/9/2018,$331.44 ,14320240,$321.33 ,$331.44 ,$320.23 
3/8/2018,$317 ,11366700,$322.20 ,$322.92 ,$314.13 
3/7/2018,$321.16 ,17110740,$320 ,$323.74 ,$314.55 
3/6/2018,$325.22 ,18245450,$319.88 ,$325.79 ,$316.50 
3/5/2018,$315 ,18957770,$302.85 ,$316.91 ,$297.60 
3/2/2018,$301.05 ,13278500,$284.65 ,$301.18 ,$283.23 
3/1/2018,$290.39 ,11892990,$292.75 ,$295.25 ,$283.83 
2/28/2018,$291.38 ,7501444,$293.10 ,$295.75 ,$290.78 
2/27/2018,$290.61 ,9247414,$294.77 ,$297.36 ,$290.59 
2/26/2018,$294.16 ,10256830,$288.75 ,$295.65 ,$287.01 
2/23/2018,$285.93 ,7292789,$281 ,$286 ,$277.81 
2/22/2018,$278.14 ,8878337,$283.88 ,$284.50 ,$274.45 
2/21/2018,$281.04 ,9348109,$282.07 ,$286.64 ,$280.01 
2/20/2018,$278.55 ,7754759,$277.74 ,$285.81 ,$276.61 
2/16/2018,$278.52 ,8302883,$278.73 ,$281.96 ,$275.69 
2/15/2018,$280.27 ,10724010,$270.03 ,$280.50 ,$267.63 
2/14/2018,$266 ,10948740,$260.47 ,$269.88 ,$260.33 
2/13/2018,$258.27 ,6805745,$257.29 ,$261.41 ,$254.70 
2/12/2018,$257.95 ,8518564,$252.14 ,$259.15 ,$249 
2/9/2018,$249.47 ,16899060,$253.85 ,$255.80 ,$236.11 
2/8/2018,$250.10 ,9267707,$267.08 ,$267.62 ,$250 
2/7/2018,$264.56 ,8729209,$266.58 ,$272.45 ,$264.33 
2/6/2018,$265.72 ,12412240,$247.70 ,$266.70 ,$245 
2/5/2018,$254.26 ,11816490,$262 ,$267.90 ,$250.03 
2/2/2018,$267.43 ,9030600,$263 ,$270.62 ,$262.71 
2/1/2018,$265.07 ,9651161,$266.41 ,$271.95 ,$263.38 
1/31/2018,$270.30 ,11653530,$281.94 ,$282.29 ,$269.58 
1/30/2018,$278.80 ,12055820,$277 ,$282.73 ,$272.70 
1/29/2018,$284.59 ,17377340,$274.20 ,$286.81 ,$273.92 
1/26/2018,$274.60 ,10932370,$271.49 ,$274.60 ,$268.76 
1/25/2018,$269.70 ,15311560,$263 ,$272.30 ,$260.23 
1/24/2018,$261.30 ,17193780,$250.88 ,$261.71 ,$249.31 
1/23/2018,$250.29 ,27637170,$255.05 ,$257.71 ,$248.02 
1/22/2018,$227.58 ,17128090,$222 ,$227.79 ,$221.20 
1/19/2018,$220.46 ,10356210,$222.75 ,$223.49 ,$218.50 
1/18/2018,$220.33 ,8212094,$220.34 ,$220.58 ,$216.55 
1/17/2018,$217.50 ,9070403,$221 ,$221.15 ,$216.32 
1/16/2018,$221.53 ,13495260,$224.24 ,$226.07 ,$217.20 
1/12/2018,$221.23 ,8190531,$217.18 ,$222.55 ,$216 
1/11/2018,$217.24 ,6988980,$214.29 ,$217.75 ,$213.35 
1/10/2018,$212.52 ,5948247,$207.57 ,$213.64 ,$206.91 
1/9/2018,$209.31 ,6111640,$212.11 ,$212.98 ,$208.59 
1/8/2018,$212.05 ,5550909,$210.02 ,$212.50 ,$208.44 
1/5/2018,$209.99 ,7003241,$207.25 ,$210.02 ,$205.59 
1/4/2018,$205.63 ,6019937,$206.20 ,$207.05 ,$204.00 
1/3/2018,$205.05 ,8585808,$202.05 ,$206.21 ,$201.50 
1/2/2018,$201.07 ,10891830,$196.10 ,$201.65 ,$195.42 
12/29/2017,$191.96 ,5180539,$192.51 ,$193.95 ,$191.22 
12/28/2017,$192.71 ,10097040,$187.18 ,$194.49 ,$186.85 
12/27/2017,$186.24 ,3990782,$187.80 ,$188.10 ,$185.22 
12/26/2017,$187.76 ,3044444,$189.78 ,$189.94 ,$186.40 
12/22/2017,$189.94 ,3772823,$188.33 ,$190.95 ,$186.80 
12/21/2017,$188.62 ,3548372,$189.44 ,$190.95 ,$187.58 
12/20/2017,$188.82 ,6408432,$187.94 ,$189.11 ,$185.26 
12/19/2017,$187.02 ,7025428,$190.18 ,$190.30 ,$185.75 
12/18/2017,$190.42 ,5007915,$191.20 ,$191.65 ,$188.90 
12/15/2017,$190.12 ,7272899,$189.61 ,$191.43 ,$188.01 
12/14/2017,$189.56 ,7758883,$187.98 ,$192.64 ,$187.20 
12/13/2017,$187.86 ,4702165,$186.10 ,$188.69 ,$185.41 
12/12/2017,$185.73 ,4165826,$186.01 ,$187.85 ,$184.82 
12/11/2017,$186.22 ,5253442,$187.85 ,$189.42 ,$185.91 
12/8/2017,$188.54 ,4964188,$186.50 ,$189.42 ,$186.30 
12/7/2017,$185.20 ,4656700,$185.71 ,$187.34 ,$183.22 
12/6/2017,$185.30 ,5355126,$183.38 ,$186.48 ,$182.88 
12/5/2017,$184.21 ,5781783,$183.50 ,$188.14 ,$181.19 
12/4/2017,$184.04 ,9066897,$189.36 ,$189.72 ,$178.38 
12/1/2017,$186.82 ,6216025,$186.99 ,$189.80 ,$185 
11/30/2017,$187.58 ,6615516,$190.31 ,$190.86 ,$186.68 
11/29/2017,$188.15 ,14180450,$198.91 ,$199.03 ,$184.32 
11/28/2017,$199.18 ,6975416,$195.34 ,$199.68 ,$194.01 
11/27/2017,$195.05 ,3200207,$195.56 ,$195.85 ,$194 
11/24/2017,$195.75 ,2160535,$196.65 ,$196.90 ,$195.33 
11/22/2017,$196.32 ,5892321,$196.58 ,$196.75 ,$193.63 
11/21/2017,$196.23 ,4618281,$195.04 ,$197.52 ,$194.97 
11/20/2017,$194.10 ,3748824,$193.30 ,$194.32 ,$191.90 
11/17/2017,$193.20 ,3902383,$195.74 ,$195.95 ,$192.65 
11/16/2017,$195.51 ,5669799,$194.33 ,$197.70 ,$193.75 
11/15/2017,$192.12 ,4198868,$194.54 ,$195.42 ,$191.53 
11/14/2017,$195.71 ,3440382,$193.64 ,$195.88 ,$193 
11/13/2017,$195.08 ,4605285,$191.12 ,$196.05 ,$191 
11/10/2017,$192.02 ,6619613,$191.61 ,$192.59 ,$189.50 
11/9/2017,$193.90 ,5959214,$194.46 ,$194.49 ,$190.81 
11/8/2017,$196.44 ,4233343,$196 ,$197.09 ,$194.74 
11/7/2017,$195.89 ,6460587,$200 ,$200.61 ,$194.80 
11/6/2017,$200.13 ,5845181,$200 ,$202.48 ,$198.09 
11/3/2017,$200.01 ,3676766,$199.80 ,$200.55 ,$197.99 
11/2/2017,$199.32 ,3596049,$197.45 ,$199.44 ,$197.09 
11/1/2017,$198 ,5007021,$197.24 ,$199.20 ,$196 
10/31/2017,$196.43 ,5511925,$198.21 ,$198.59 ,$195.22 
10/30/2017,$198.37 ,5434844,$199.62 ,$201.10 ,$197.07 
10/27/2017,$199.54 ,8122338,$197.20 ,$200.65 ,$196.22 
10/26/2017,$195.21 ,5173212,$194.66 ,$197.61 ,$194.08 
10/25/2017,$193.77 ,5313036,$195.38 ,$197.06 ,$193.01 
10/24/2017,$196.02 ,7052166,$192.75 ,$196.74 ,$191.40 
10/23/2017,$192.47 ,6975651,$194.17 ,$194.90 ,$191.03 
10/20/2017,$194.16 ,5989595,$195.90 ,$196.38 ,$193.77 
10/19/2017,$195.13 ,7030873,$193.01 ,$195.25 ,$191.16 
10/18/2017,$195.54 ,11188190,$199.99 ,$200.01 ,$194.25 
10/17/2017,$199.48 ,23855850,$200.11 ,$204.38 ,$197.77 
10/16/2017,$202.68 ,21777940,$201.95 ,$202.83 ,$197.86 
10/13/2017,$199.49 ,12046030,$199.70 ,$200.82 ,$197.19 
10/12/2017,$195.86 ,7765111,$196.75 ,$198.62 ,$194.71 
10/11/2017,$194.95 ,6438060,$195.57 ,$196.22 ,$193.81 
10/10/2017,$195.08 ,6231196,$197.85 ,$198.30 ,$192.10 
10/9/2017,$196.87 ,6966384,$199.10 ,$199.40 ,$196.56 
10/6/2017,$198.02 ,15253890,$194.30 ,$198.92 ,$192.05 
10/5/2017,$194.39 ,19360960,$185.65 ,$194.49 ,$184.49 
10/4/2017,$184.45 ,9190513,$181.41 ,$186.70 ,$181.25 
10/3/2017,$179.19 ,3952185,$177.65 ,$179.70 ,$177.55 
10/2/2017,$177.01 ,7335949,$182.11 ,$182.80 ,$176.58 
9/29/2017,$181.35 ,4221112,$180.73 ,$182.90 ,$180.65 
9/28/2017,$180.70 ,4074395,$181.25 ,$181.95 ,$179.36 
9/27/2017,$181.97 ,4988515,$181.01 ,$183.34 ,$180.70 
9/26/2017,$179.38 ,5599875,$180.70 ,$180.95 ,$176.55 
9/25/2017,$178.55 ,9359710,$186.46 ,$186.55 ,$177.70 
9/22/2017,$187.35 ,5456048,$188.40 ,$189.85 ,$186.39 
9/21/2017,$188.78 ,7141660,$185.82 ,$189.95 ,$184.51 
9/20/2017,$185.51 ,4613591,$186.10 ,$186.50 ,$183.20 
9/19/2017,$185.68 ,4963088,$184.98 ,$186.23 ,$184.17 
9/18/2017,$184.62 ,5355228,$183.61 ,$185.45 ,$182.73 
9/15/2017,$182.35 ,5577062,$182.73 ,$184.93 ,$181.43 
9/14/2017,$182.63 ,4500701,$183.25 ,$185.29 ,$182.07 
9/13/2017,$183.64 ,4312431,$184.07 ,$184.50 ,$182.55 
9/12/2017,$185.15 ,6681405,$182.55 ,$185.33 ,$180.64 
9/11/2017,$181.74 ,5974055,$178.10 ,$182.47 ,$178.03 
9/8/2017,$176.42 ,4589146,$178.45 ,$180.39 ,$176.25 
9/7/2017,$179 ,6015599,$178.80 ,$180.35 ,$177.10 
9/6/2017,$179.25 ,8736860,$175.25 ,$179.46 ,$173.73 
9/5/2017,$174.52 ,4595245,$173.40 ,$175.88 ,$172.44 
9/1/2017,$174.74 ,3810598,$175.55 ,$176.48 ,$173.92 
8/31/2017,$174.71 ,6931894,$175.45 ,$176.24 ,$173.86 
8/30/2017,$174.69 ,8026646,$169.50 ,$174.85 ,$169.37 
8/29/2017,$168.81 ,4615061,$165 ,$169.68 ,$164.73 
8/28/2017,$167.12 ,3644835,$166.43 ,$168.67 ,$165.60 
8/25/2017,$165.95 ,4060283,$168.58 ,$168.75 ,$165.50 
8/24/2017,$168.13 ,5358588,$169.86 ,$171.24 ,$166.15 
8/23/2017,$169.06 ,4630286,$168.35 ,$169.64 ,$166.70 
8/22/2017,$169.34 ,4881545,$167.76 ,$169.93 ,$167.04 
8/21/2017,$166.76 ,6475177,$166.91 ,$168.99 ,$164.23 
8/18/2017,$166.54 ,7382033,$165.95 ,$169.97 ,$165.80 
8/17/2017,$166.09 ,5192068,$169.23 ,$170.58 ,$165.72 
8/16/2017,$169.98 ,7008791,$167.50 ,$170.50 ,$166.25 
8/15/2017,$168.50 ,5531580,$171.53 ,$171.88 ,$168.25 
8/14/2017,$171 ,7463217,$169.80 ,$172.45 ,$168.80 
8/11/2017,$171.40 ,5020823,$169.86 ,$172.58 ,$169 
8/10/2017,$169.14 ,9622203,$174.03 ,$174.45 ,$167.60 
8/9/2017,$175.78 ,9658249,$171.43 ,$175.96 ,$170.01 
8/8/2017,$178.36 ,5951139,$181.37 ,$181.91 ,$177.45 
8/7/2017,$181.33 ,4607985,$181 ,$182.27 ,$179.10 
8/4/2017,$180.27 ,4488247,$179.60 ,$181 ,$178.50 
8/3/2017,$179.23 ,4621346,$180.53 ,$181.22 ,$178.02 
8/2/2017,$180.74 ,5759754,$182.22 ,$182.57 ,$177.81 
8/1/2017,$182.03 ,5057534,$182.49 ,$184.62 ,$181.43 
7/31/2017,$181.66 ,4865555,$184.26 ,$184.97 ,$180.65 
